Fecha;Compra;Venta
18/04/2022;191;195
13/04/2022;191;195
12/04/2022;191;195
11/04/2022;191;195
08/04/2022;192,5;196,5
07/04/2022;192;196
06/04/2022;192;196
05/04/2022;192;196
04/04/2022;195;199
01/04/2022;196;200
31/03/2022;196;200
30/03/2022;197;201
29/03/2022;196;200
28/03/2022;196;200
25/03/2022;198;202
23/03/2022;197;201
22/03/2022;197;201
21/03/2022;198;202
18/03/2022;198,5;202,5
17/03/2022;198;202
16/03/2022;198;202
15/03/2022;196;200
14/03/2022;196;200
11/03/2022;198;202
10/03/2022;199;203
09/03/2022;200,5;204,5
08/03/2022;198;202
07/03/2022;197;201
07/03/2022;197;201
07/03/2022;197;201
07/03/2022;197;201
04/03/2022;197;201
03/03/2022;200;204
02/03/2022;202;206
25/02/2022;207;211
24/02/2022;206,5;210,5
23/02/2022;206;210
22/02/2022;206;210
21/02/2022;207,5;211,5
18/02/2022;207;211
17/02/2022;210;214
16/02/2022;211;215
15/02/2022;211;215
14/02/2022;211;215
11/02/2022;210,5;215,5
10/02/2022;211,5;215,5
09/02/2022;213;217
08/02/2022;211;215
07/02/2022;210;214
04/02/2022;210;214
03/02/2022;212;216
02/02/2022;212,5;216,5
01/02/2022;210;214
31/01/2022;209;213
28/01/2022;208,5;212,5
27/01/2022;218,5;222,5
26/01/2022;217;221
25/01/2022;215,5;219,5
24/01/2022;215;219
21/01/2022;215;219
20/01/2022;210;214
19/01/2022;209;213
18/01/2022;207;211
17/01/2022;205;209
14/01/2022;205,5;209,5
13/01/2022;205,5;209,5
12/01/2022;204,5;208,5
11/01/2022;205;209
10/01/2022;202;206
07/01/2022;204;208
06/01/2022;204,5;208,5
05/01/2022;203,5;207,5
04/01/2022;202,5;206,5
03/01/2022;202;206
30/12/2021;204;208
29/12/2021;205;209
28/12/2021;202;206
27/12/2021;199,5;203,5
23/12/2021;200;204
22/12/2021;196,5;200,5
21/12/2021;195;199
20/12/2021;196;200
17/12/2021;196;200
16/12/2021;194,5;198,5
15/12/2021;194,5;198,5
14/12/2021;192,5;196,5
13/12/2021;191,5;195,5
10/12/2021;192,5;196,5
09/12/2021;192;196
07/12/2021;194;198
06/12/2021;195;199
03/12/2021;196,5;200,5
02/12/2021;196,5;200,5
01/12/2021;196,5;200,5
30/11/2021;197,5;201,5
29/11/2021;197;201
26/11/2021;197;201
25/11/2021;197;201
24/11/2021;196,5;200,5
23/11/2021;197;201
19/11/2021;197,5;201,5
18/11/2021;197;201
17/11/2021;197,5;201,5
16/11/2021;196,5;200,5
15/11/2021;195,5;199,5
12/11/2021;196;200
11/11/2021;202,5;206,5
10/11/2021;201;205
09/11/2021;195,5;199,5
08/11/2021;195;199
05/11/2021;195;199
04/11/2021;195;199
03/11/2021;195;199
02/11/2021;193,5;197,5
01/11/2021;192,5;196,5
29/10/2021;193,5;197,5
28/10/2021;194;198
27/10/2021;193;197
26/10/2021;192;196
25/10/2021;190;194
22/10/2021;191;195
21/10/2021;187;191
20/10/2021;184;188
19/10/2021;183;187
18/10/2021;181,5;185,5
15/10/2021;182,5;186,5
14/10/2021;181,5;185,5
13/10/2021;181;185
12/10/2021;181;185
07/10/2021;180,5;184,5
06/10/2021;181,5;185,5
05/10/2021;181;185
04/10/2021;181;185
01/10/2021;182;186
30/09/2021;182;186
29/09/2021;183;187
28/09/2021;183;187
27/09/2021;182,5;186,5
24/09/2021;182;186
23/09/2021;181;185
22/09/2021;181;185
21/09/2021;180;184
20/09/2021;180;184
17/09/2021;181;185
16/09/2021;182;186
15/09/2021;181;185
14/09/2021;178,5;182,5
13/09/2021;177;181
10/09/2021;181;185
09/09/2021;182,5;186,5
08/09/2021;183;187
07/09/2021;179,5;183,5
06/09/2021;178;182
03/09/2021;177;182
02/09/2021;176;181
01/09/2021;175,5;180,5
31/08/2021;176,5;181,5
31/08/2021;176,5;181,5
31/08/2021;176,5;181,5
31/08/2021;176,5;181,5
31/08/2021;176,5;181,5
31/08/2021;177;182
31/08/2021;177;182
30/08/2021;177;182
27/08/2021;177;182
26/08/2021;176,5;181,5
25/08/2021;176,5;181,5
24/08/2021;177;182
23/08/2021;177;182
20/08/2021;177;182
19/08/2021;176,5;181,5
18/08/2021;177;182
17/08/2021;178;183
13/08/2021;177;182
12/08/2021;173,5;178,5
11/08/2021;173;178
10/08/2021;173;178
09/08/2021;174;179
06/08/2021;173,5;178,5
05/08/2021;174,5;179,5
05/08/2021;175,5;180,5
05/08/2021;175,5;180,5
04/08/2021;175,5;180,5
03/08/2021;175,5;180,5
03/08/2021;175,5;180,5
02/08/2021;175,5;180,5
02/08/2021;175,5;180,5
02/08/2021;175,5;180,5
02/08/2021;175,5;180,5
30/07/2021;175,5;180,5
29/07/2021;175;180
28/07/2021;175;180
27/07/2021;178;183
26/07/2021;179;184
26/07/2021;180;185
23/07/2021;180;185
23/07/2021;179,5;184,5
22/07/2021;179,5;184,5
21/07/2021;177,5;182,5
20/07/2021;177;182
19/07/2021;175;180
16/07/2021;174;179
15/07/2021;173;178
14/07/2021;172;177
13/07/2021;171;176
12/07/2021;172;177
08/07/2021;169;174
07/07/2021;167;172
06/07/2021;166;171
05/07/2021;166;171
02/07/2021;165;170
01/07/2021;164;169
30/06/2021;163;168
29/06/2021;165;170
28/06/2021;168;173
25/06/2021;169;174
24/06/2021;165;170
23/06/2021;161;166
22/06/2021;160;165
18/06/2021;159;164
17/06/2021;158;163
16/06/2021;158;163
15/06/2021;155;160
14/06/2021;153;158
11/06/2021;153;158
10/06/2021;152;157
09/06/2021;151;156
08/06/2021;151;156
07/06/2021;152;157
04/06/2021;152;157
03/06/2021;151;156
02/06/2021;151;156
01/06/2021;150;155
31/05/2021;152;157
28/05/2021;152;157
27/05/2021;152;157
26/05/2021;150;155
24/05/2021;148;153
21/05/2021;148;153
20/05/2021;149;155
19/05/2021;150;156
18/05/2021;151;156
17/05/2021;148;153
14/05/2021;148;153
13/05/2021;146;151
12/05/2021;147;152
11/05/2021;146;151
10/05/2021;147;152
07/05/2021;145;151
06/05/2021;145;151
05/05/2021;146;151
04/05/2021;149;154
03/05/2021;148;153
30/04/2021;145;150
29/04/2021;149;154
28/04/2021;157;162
27/04/2021;156;161
26/04/2021;153;158
23/04/2021;147;152
22/04/2021;142;147
21/04/2021;139;144
20/04/2021;138;143
19/04/2021;138;143
16/04/2021;137;142
15/04/2021;138;143
14/04/2021;138;143
13/04/2021;137;142
12/04/2021;137;142
09/04/2021;135;140
08/04/2021;135;140
07/04/2021;134;139
06/04/2021;135;140
05/04/2021;135;140
31/03/2021;136;141
30/03/2021;136;141
29/03/2021;137;142
26/03/2021;137;142
25/03/2021;138;143
23/03/2021;138;143
22/03/2021;138;143
22/03/2021;138;143
22/03/2021;139;144
19/03/2021;139;144
18/03/2021;139;144
17/03/2021;139;144
16/03/2021;139;144
15/03/2021;141;146
12/03/2021;137;142
11/03/2021;135;140
10/03/2021;138;143
09/03/2021;139;144
08/03/2021;139;144
05/03/2021;139;144
04/03/2021;139;144
03/03/2021;140;145
02/03/2021;140;145
01/03/2021;142;147
01/03/2021;141;146
01/03/2021;141;146
26/02/2021;141;146
25/02/2021;138;143
24/02/2021;140;145
23/02/2021;141;146
22/02/2021;142;147
19/02/2021;142;147
18/02/2021;148;148
17/02/2021;144;149
12/02/2021;145;150
11/02/2021;144;149
10/02/2021;146;151
09/02/2021;147;152
08/02/2021;146;151
08/02/2021;146;151
08/02/2021;146;151
08/02/2021;146;151
05/02/2021;146;151
04/02/2021;145;150
03/02/2021;148;153
02/02/2021;148;153
01/02/2021;148;153
29/01/2021;148;153
28/01/2021;149;154
27/01/2021;149;154
26/01/2021;151;156
25/01/2021;151;156
22/01/2021;151;156
22/01/2021;151;156
21/01/2021;151;156
20/01/2021;151;156
19/01/2021;152;157
15/01/2021;153;159
14/01/2021;153;159
13/01/2021;154;160
12/01/2021;153;159
11/01/2021;153;159
08/01/2021;155;161
07/01/2021;156;162
06/01/2021;154;160
05/01/2021;154;160
04/01/2021;159;165
30/12/2020;160;166
29/12/2020;159;165
28/12/2020;158;164
23/12/2020;153;159
22/12/2020;146;152
22/12/2020;145;151
21/12/2020;144;150
18/12/2020;144;150
17/12/2020;143;149
16/12/2020;144;150
15/12/2020;145;151
14/12/2020;145;151
11/12/2020;142;148
10/12/2020;140;146
09/12/2020;143;149
04/12/2020;144;150
03/12/2020;145;151
02/12/2020;147;153
01/12/2020;147;153
30/11/2020;149;155
27/11/2020;150;156
26/11/2020;151;157
25/11/2020;152;158
24/11/2020;154;160
20/11/2020;155;161
19/11/2020;157;163
18/11/2020;158;164
17/11/2020;157;163
16/11/2020;156;162
13/11/2020;166;172
12/11/2020;161;167
11/11/2020;156;162
10/11/2020;143;149
09/11/2020;145;151
06/11/2020;151;157
05/11/2020;151;157
04/11/2020;155;161
03/11/2020;159;165
02/11/2020;162;168
30/10/2020;163;169
29/10/2020;169;175
28/10/2020;172;178
27/10/2020;175;181
26/10/2020;184;190
23/10/2020;189;195
22/10/2020;184;190
21/10/2020;177;183
20/10/2020;174;180
19/10/2020;175;181
16/10/2020;172;178
15/10/2020;165;171
14/10/2020;161;167
13/10/2020;160;166
09/10/2020;161;167
08/10/2020;152;158
07/10/2020;149;155
06/10/2020;146;152
05/10/2020;144;150
02/10/2020;144;150
01/10/2020;141;147
30/09/2020;140;146
29/09/2020;140;146
28/09/2020;139;145
25/09/2020;139;145
24/09/2020;141;147
23/09/2020;139;145
22/09/2020;138;144
21/09/2020;135;141
18/09/2020;134;140
17/09/2020;135;141
16/09/2020;135;145
15/09/2020;127;131
14/09/2020;128;132
11/09/2020;127;131
10/09/2020;127;131
09/09/2020;127;131
08/09/2020;127;131
07/09/2020;127;131
04/09/2020;128;132
03/09/2020;130;134
02/09/2020;129;133
01/09/2020;129;133
31/08/2020;131;135
28/08/2020;132;136
27/08/2020;134;138
26/08/2020;133;137
25/08/2020;133;137
24/08/2020;133;137
21/08/2020;134;138
20/08/2020;131;136
19/08/2020;129;134
18/08/2020;127;132
17/08/2020;127;132
14/08/2020;127;132
13/08/2020;128;133
12/08/2020;127;132
11/08/2020;126;131
10/08/2020;126;131
07/08/2020;128;133
07/08/2020;127;132
07/08/2020;127;132
07/08/2020;127;132
06/08/2020;127;132
06/08/2020;125;130
05/08/2020;124;129
04/08/2020;123;128
03/08/2020;131;136
31/07/2020;131;136
30/07/2020;131;136
29/07/2020;130;135
28/07/2020;130;135
27/07/2020;131;136
24/07/2020;134;139
23/07/2020;131;136
22/07/2020;128;133
21/07/2020;127;132
20/07/2020;125;130
17/07/2020;125;130
16/07/2020;120;130
15/07/2020;117;127
14/07/2020;117;127
13/07/2020;117;127
10/07/2020;117;127
10/07/2020;117;127
08/07/2020;117;127
07/07/2020;117;127
06/07/2020;117;127
03/07/2020;117;127
02/07/2020;119;129
01/07/2020;118;128
30/06/2020;116;126
29/06/2020;119;129
26/06/2020;119;129
25/06/2020;118;128
24/06/2020;118;128
23/06/2020;117;127
22/06/2020;117;127
19/06/2020;118;128
18/06/2020;117;127
17/06/2020;114;124
16/06/2020;115;125
12/06/2020;116;126
11/06/2020;113;123
10/06/2020;114;124
09/06/2020;114;124
08/06/2020;115;125
05/06/2020;115;125
04/06/2020;113;123
03/06/2020;113;123
02/06/2020;114;124
01/06/2020;118;128
29/05/2020;115;125
28/05/2020;114;124
27/05/2020;117;127
26/05/2020;119;129
22/05/2020;116;126
21/05/2020;115;125
20/05/2020;114;124
19/05/2020;114;124
18/05/2020;118;128
15/05/2020;128;138
14/05/2020;128;138
13/05/2020;123;133
12/05/2020;117;127
11/05/2020;114,5;124,5
08/05/2020;112;122
07/05/2020;112;122
06/05/2020;112;122
05/05/2020;110;120
04/05/2020;110;120
30/04/2020;108;118
29/04/2020;111;121
28/04/2020;110;120
27/04/2020;108;118
24/04/2020;107;117
23/04/2020;110;120
22/04/2020;100;110
21/04/2020;98;107
20/04/2020;96;105
17/04/2020;96;105
16/04/2020;95;100
15/04/2020;90;96
14/04/2020;85;90
13/04/2020;84,25;89,25
08/04/2020;80;85
07/04/2020;80;85
06/04/2020;80;85
03/04/2020;78,5;83,5
02/04/2020;78,5;83,5
01/04/2020;79,5;83,5
30/03/2020;78,5;83,5
27/03/2020;78,5;83,5
26/03/2020;79,5;84,5
25/03/2020;79,5;84,5
20/03/2020;80,5;85,5
19/03/2020;81,5;85,5
18/03/2020;84,25;89,25
17/03/2020;82,5;86,5
16/03/2020;81;85
13/03/2020;79,75;83,75
12/03/2020;79;83
11/03/2020;76;80
10/03/2020;75,75;79,75
09/03/2020;75,5;79,5
06/03/2020;74,5;78,5
05/03/2020;74,5;78,5
04/03/2020;74,5;78,5
03/03/2020;74,5;78,5
02/03/2020;74,5;78,5
28/02/2020;74,5;78,5
27/02/2020;74,5;78,5
26/02/2020;74,7;78,7
21/02/2020;74,8;78,8
20/02/2020;74,8;78,8
19/02/2020;74,9;78,9
18/02/2020;74,7;78,7
17/02/2020;74;78
14/02/2020;73,9;77,9
13/02/2020;74,9;78,9
12/02/2020;74,25;78,25
11/02/2020;73,5;77,5
10/02/2020;73;77
07/02/2020;73,5;77,5
06/02/2020;73,5;77,5
05/02/2020;74;78
04/02/2020;74;78
03/02/2020;74;78
31/01/2020;74;78
30/01/2020;74;78
29/01/2020;74,25;78,25
28/01/2020;74,25;78,25
27/01/2020;74;78
24/01/2020;74,5;78,5
23/01/2020;73,75;77,75
22/01/2020;73,75;77,75
21/01/2020;73,5;77,5
20/01/2020;74;78
17/01/2020;73,75;77,75
16/01/2020;73,75;77,75
15/01/2020;74;78
14/01/2020;73,5;77,5
13/01/2020;71,5;76,5
10/01/2020;71,5;76,5
09/01/2020;71,5;76,5
08/01/2020;71,5;76,5
07/01/2020;71,25;76,25
06/01/2020;72,25;77,25
03/01/2020;72;77
02/01/2020;72;77
30/12/2019;73,5;78,5
27/12/2019;73,5;78,5
26/12/2019;75;80
23/12/2019;71,75;76,75
20/12/2019;70;75
19/12/2019;72,75;75,75
18/12/2019;72;76
17/12/2019;69;74
16/12/2019;68,5;72,5
13/12/2019;61,75;66,75
12/12/2019;62,5;66,5
11/12/2019;64,5;68,5
10/12/2019;65,5;69,5
09/12/2019;66;70
06/12/2019;68;71
05/12/2019;66;70
04/12/2019;65;69
03/12/2019;64,5;68,5
02/12/2019;64,25;68,25
29/11/2019;66,25;69,25
28/11/2019;66,75;69,75
27/11/2019;66,25;69,25
26/11/2019;65,25;68,25
25/11/2019;65;68
22/11/2019;65,5;68,5
21/11/2019;63,75;66,75
20/11/2019;63,75;66,75
19/11/2019;63,5;66,5
15/11/2019;63,75;66,75
14/11/2019;63,75;66,75
13/11/2019;63,75;66,75
12/11/2019;62,5;65,5
11/11/2019;61,5;64,5
08/11/2019;62,25;65,25
07/11/2019;61;64
06/11/2019;62;65
05/11/2019;61,5;64,5
04/11/2019;62,5;65,5
01/11/2019;64,5;67,5
31/10/2019;66;69
30/10/2019;64;67
29/10/2019;64;67
28/10/2019;71;74
25/10/2019;72,75;75,75
24/10/2019;66,75;69,75
23/10/2019;66,75;69,75
22/10/2019;64,25;67,25
21/10/2019;63,25;66,25
18/10/2019;62,25;65,25
17/10/2019;64,5;67,5
16/10/2019;62,5;64,5
15/10/2019;61,5;63,5
11/10/2019;61,5;63,5
10/10/2019;61;63
09/10/2019;59,75;61,75
08/10/2019;57,5;61,5
07/10/2019;58,25;61,25
04/10/2019;58,25;61,25
03/10/2019;58;61
02/10/2019;58,5;61,5
01/10/2019;57,75;60,75
30/09/2019;58,25;61,25
27/09/2019;58,5;61,5
26/09/2019;59;62
25/09/2019;58,75;61,75
24/09/2019;58,75;61,75
23/09/2019;59,25;62,25
20/09/2019;58,75;62,75
19/09/2019;60;63
18/09/2019;59,75;62,75
17/09/2019;59;62
16/09/2019;58,5;61,5
13/09/2019;57,5;61,5
12/09/2019;55;60
11/09/2019;55;59
10/09/2019;54,5;58,75
09/09/2019;55;59
06/09/2019;55;59
05/09/2019;54;59
04/09/2019;54;59
03/09/2019;57;61
02/09/2019;59,5;63,5
30/08/2019;60;63
29/08/2019;57,75;60,75
28/08/2019;59,5;60,5
27/08/2019;56;59
26/08/2019;54,5;57,5
23/08/2019;54;58
22/08/2019;54;58
21/08/2019;54,5;58,5
20/08/2019;53;58
16/08/2019;55;59
15/08/2019;55;59
14/08/2019;58,5;62
13/08/2019;53;57
12/08/2019;53;57
09/08/2019;45,4;46,9
08/08/2019;45,22;46,72
07/08/2019;45;46,5
06/08/2019;44,9;46,4
05/08/2019;45,1;46,6
02/08/2019;44,4;45,9
01/08/2019;43,93;45,43
31/07/2019;43,7;45,2
30/07/2019;43,65;45,15
29/07/2019;43,65;45,15
26/07/2019;43,45;44,95
25/07/2019;43,45;44,95
24/07/2019;43,1;44,6
23/07/2019;42,75;44,25
22/07/2019;42,55;44,05
19/07/2019;42,45;43,95
18/07/2019;42,45;43,95
17/07/2019;42,7;44,2
16/07/2019;42,95;44,45
15/07/2019;42,25;43,75
12/07/2019;41,75;43,25
11/07/2019;41,7;43,2
10/07/2019;41,3;42,8
05/07/2019;41,4;42,9
04/07/2019;41,4;42,9
03/07/2019;41,55;43,05
02/07/2019;42;43,5
01/07/2019;41,95;43,45
28/06/2019;42,3;43,8
27/06/2019;42,7;44,2
26/06/2019;42,7;44,2
25/06/2019;42,6;44,1
24/06/2019;42,94;44,44
21/06/2019;43;44,5
19/06/2019;43,4;44,9
18/06/2019;43,65;45,15
14/06/2019;43,7;45,2
13/06/2019;43,8;45,3
12/06/2019;43,8;45,3
11/06/2019;44;45,5
10/06/2019;44;45,5
07/06/2019;44,2;45,7
06/06/2019;44,15;45,65
05/06/2019;44,1;45,6
04/06/2019;44,5;46
03/06/2019;44,6;46,1
31/05/2019;44,5;46
30/05/2019;44,4;45,9
29/05/2019;44,7;46,2
28/05/2019;44,7;46,2
27/05/2019;44,65;46,15
24/05/2019;44,65;46,15
23/05/2019;44,7;46,2
22/05/2019;44,6;46,1
21/05/2019;44,75;46,25
20/05/2019;44,85;46,35
17/05/2019;44,6;46,1
16/05/2019;44,5;46
15/05/2019;44,5;46
14/05/2019;44,5;46
13/05/2019;44,5;46
10/05/2019;44,5;46
09/05/2019;45;46
08/05/2019;45;46
07/05/2019;45;46
06/05/2019;45,5;46,5
03/05/2019;44,55;45,75
02/05/2019;45,25;46,25
30/04/2019;45;46
29/04/2019;44,07;45,07
26/04/2019;45,1;46,1
25/04/2019;45;46
24/04/2019;43,5;44,5
23/04/2019;43,15;44,15
22/04/2019;43,35;44,35
17/04/2019;41,4;43,45
16/04/2019;42,8;43,8
15/04/2019;42,5;43,5
12/04/2019;42,65;43,65
11/04/2019;43;44
10/04/2019;43;44
09/04/2019;43;44
08/04/2019;43;44
05/04/2019;43;44
04/04/2019;42,65;43,65
03/04/2019;42,5;43,5
01/04/2019;42,5;43,5
29/03/2019;42,65;43,65
28/03/2019;41,8;43,8
27/03/2019;43;44
26/03/2019;41,55;42,55
25/03/2019;40,9;41,9
22/03/2019;39,75;41,75
21/03/2019;39,25;41,25
20/03/2019;40,25;41,25
19/03/2019;40,25;41,25
18/03/2019;40;41
15/03/2019;39;41
14/03/2019;40;41
13/03/2019;40,5;41,5
12/03/2019;40,25;41,25
11/03/2019;40;41
08/03/2019;40;41
07/03/2019;41,5;42,5
06/03/2019;38,5;40,5
01/03/2019;37;39
28/02/2019;38;39
27/02/2019;38;39
26/02/2019;37,25;39,25
25/02/2019;36,75;38,75
22/02/2019;38,75;38,75
21/02/2019;38,25;39,25
20/02/2019;38,75;39,75
19/02/2019;38;39
18/02/2019;37,75;38,75
15/02/2019;37,75;38,75
14/02/2019;37,5;38,5
13/02/2019;37,25;38,25
12/02/2019;37;38
11/02/2019;37;38
08/02/2019;36,5;37,5
07/02/2019;36,75;37,75
06/02/2019;35,25;37,25
05/02/2019;35,3;37,3
04/02/2019;35,5;37,5
01/02/2019;35,75;37,75
31/01/2019;35,5;37,5
30/01/2019;36,25;38,25
29/01/2019;36,5;38,5
28/01/2019;36,25;38,25
25/01/2019;36,25;38,25
24/01/2019;36,5;38,5
23/01/2019;37;39
22/01/2019;36,75;38,75
21/01/2019;36,75;38,75
18/01/2019;37;39
17/01/2019;37;39
16/01/2019;37,25;39,25
15/01/2019;37,25;39,25
14/01/2019;37,25;39
11/01/2019;37,25;39,25
10/01/2019;37,25;39,25
09/01/2019;37,75;39,75
08/01/2019;37,25;39,25
07/01/2019;37,5;39,5
04/01/2019;38;40
03/01/2019;38,25;40,25
02/01/2019;38,5;40,5
28/12/2018;38,5;40,5
27/12/2018;38;40
26/12/2018;37,75;39,75
21/12/2018;37;39
20/12/2018;37;39
19/12/2018;37;39
18/12/2018;36,5;38,5
17/12/2018;36,5;38,5
14/12/2018;35,65;37,65
13/12/2018;35,65;37,65
12/12/2018;35,5;37,5
11/12/2018;35,5;37,5
10/12/2018;35,5;37,5
07/12/2018;35,5;37,5
06/12/2018;35,5;37,5
05/12/2018;35;37
04/12/2018;35;37
03/12/2018;35;37
29/11/2018;36;38
28/11/2018;36;38
27/11/2018;36,5;38,5
26/11/2018;37;39
23/11/2018;35,5;37,5
22/11/2018;34,5;36,5
21/11/2018;34,3;36,3
20/11/2018;34,26;36,26
16/11/2018;34,06;36,06
15/11/2018;34,09;36,09
14/11/2018;34;36
13/11/2018;34;36
12/11/2018;33,25;35,25
09/11/2018;33,5;35,5
08/11/2018;33,5;35,5
07/11/2018;33,5;35,5
05/11/2018;33,6;35,6
02/11/2018;34,25;36,25
01/11/2018;34,25;36,25
31/10/2018;34,5;36,5
30/10/2018;35;37
29/10/2018;35;37
26/10/2018;35,25;37,25
25/10/2018;35,2;37,2
24/10/2018;35,2;37,2
23/10/2018;35,3;37,3
22/10/2018;35,25;37,25
19/10/2018;35,75;37,75
18/10/2018;35,75;37,75
17/10/2018;35,7;37,7
16/10/2018;35,7;37,8
12/10/2018;35,8;37,8
11/10/2018;36;38
10/10/2018;36;38
09/10/2018;36;38
08/10/2018;36;38
05/10/2018;36,5;38,5
04/10/2018;36,8;38,8
03/10/2018;37;39
02/10/2018;36,5;38,5
01/10/2018;38;40
28/09/2018;39,3;41,3
27/09/2018;39;40,5
26/09/2018;37,75;39,25
25/09/2018;38,5;40
24/09/2018;36,75;38,25
21/09/2018;36,75;38,25
20/09/2018;37,5;39
19/09/2018;38;39,5
18/09/2018;38;39,75
17/09/2018;38,35;40,35
14/09/2018;38;40
13/09/2018;38;39,5
12/09/2018;37;38,5
11/09/2018;36,5;38,25
10/09/2018;35,7;37,7
07/09/2018;36,5;37,5
06/09/2018;36,6;38,6
05/09/2018;37,2;39,2
04/09/2018;38;40
03/09/2018;36,7;38,7
31/08/2018;36;38
30/08/2018;38,5;40
29/08/2018;34;35
28/08/2018;32;33
27/08/2018;31,2;32,2
24/08/2018;30,35;31,35
23/08/2018;29,95;30,95
22/08/2018;29,8;30,8
21/08/2018;29,5;30,5
17/08/2018;29,2;30,2
16/08/2018;29,1;30,1
15/08/2018;29,5;30,5
14/08/2018;29,5;30,5
13/08/2018;29,5;30,5
10/08/2018;28,5;29,5
09/08/2018;27,5;28,5
08/08/2018;27,3;28,3
07/08/2018;27,3;28,3
06/08/2018;27,3;28,3
03/08/2018;27,35;28,35
02/08/2018;27,4;28,4
01/08/2018;27,45;28,45
31/07/2018;27,45;28,45
30/07/2018;27,65;28,65
27/07/2018;27,7;28,7
26/07/2018;27,7;28,7
25/07/2018;27,7;28,7
24/07/2018;27,7;28,7
23/07/2018;27,8;28,8
20/07/2018;27,9;28,9
19/07/2018;27,65;28,65
18/07/2018;27,65;28,65
17/07/2018;27,8;28,8
16/07/2018;27,85;28,85
13/07/2018;27,68;28,68
12/07/2018;27,4;28,4
11/07/2018;27,5;28,5
10/07/2018;27,5;28,5
06/07/2018;27,9;28,9
05/07/2018;27,9;28,9
04/07/2018;27,97;28,95
03/07/2018;28;29
02/07/2018;28,3;29,3
29/06/2018;28,4;29,4
28/06/2018;27,5;28,5
27/06/2018;27,3;28,3
26/06/2018;27,3;28,3
25/06/2018;27,3;28,3
22/06/2018;27,1;28,1
21/06/2018;27,5;28,5
19/06/2018;27,5;28,5
18/06/2018;27,5;28,5
15/06/2018;27,7;28,7
14/06/2018;27,2;28,7
13/06/2018;26;27
12/06/2018;25,7;26,7
11/06/2018;25,5;26,3
08/06/2018;25,2;26,2
07/06/2018;24,85;25,65
06/06/2018;24,75;25,55
05/06/2018;25,1;25,9
04/06/2018;25,2;26
01/06/2018;25,2;26
31/05/2018;25,17;25,97
30/05/2018;25,1;25,9
29/05/2018;25,05;25,85
28/05/2018;25,05;25,85
24/05/2018;24,8;25,75
23/05/2018;24,49;25,49
22/05/2018;24,4;25,4
21/05/2018;24,4;25,4
18/05/2018;24,6;25,4
17/05/2018;24,6;25,2
16/05/2018;24,2;25
15/05/2018;24;24,8
14/05/2018;25,8;26,8
11/05/2018;23,65;24,25
10/05/2018;22,95;23,55
09/05/2018;22,9;23,5
08/05/2018;22,4;23
07/05/2018;21,9;22,5
04/05/2018;21,8;22,2
03/05/2018;23,1;23,5
02/05/2018;21,1;21,5
27/04/2018;20,6;21
26/04/2018;20,45;20,85
25/04/2018;20,16;20,56
24/04/2018;20,19;20,59
23/04/2018;20,17;20,57
20/04/2018;20,18;20,58
19/04/2018;20,15;20,55
18/04/2018;20,23;20,63
17/04/2018;20,3;20,7
16/04/2018;20,3;20,7
13/04/2018;20,3;20,7
12/04/2018;20,3;20,7
11/04/2018;20,3;20,7
10/04/2018;20,21;20,61
09/04/2018;20,21;20,61
06/04/2018;20,24;20,64
05/04/2018;20,25;20,65
04/04/2018;20,2;20,6
03/04/2018;20,42;20,82
28/03/2018;20,36;20,76
27/03/2018;20,36;20,76
26/03/2018;20,48;20,88
23/03/2018;20,54;20,94
22/03/2018;20,5;20,9
21/03/2018;20,58;20,98
20/03/2018;20,57;20,97
19/03/2018;20,52;20,92
16/03/2018;20,49;20,89
15/03/2018;20,42;20,82
14/03/2018;20,35;20,75
13/03/2018;20,27;20,67
12/03/2018;20,2;20,6
09/03/2018;20,21;20,61
08/03/2018;20,25;20,65
07/03/2018;20,28;20,68
06/03/2018;20,25;20,65
05/03/2018;20,15;20,55
02/03/2018;20,1;20,5
01/03/2018;20;20,4
28/02/2018;19,95;20,35
27/02/2018;20;20,4
26/02/2018;20;20,4
23/02/2018;19,95;20,35
22/02/2018;19,91;20,31
21/02/2018;19,8;20,3
20/02/2018;19,76;20,16
19/02/2018;19,83;20,23
16/02/2018;19,75;20,15
15/02/2018;18,72;20,12
14/02/2018;19,8;20,2
09/02/2018;19,83;20,23
08/02/2018;19,53;19,93
07/02/2018;19,45;19,85
06/02/2018;19,49;19,89
05/02/2018;19,52;19,92
02/02/2018;19,52;19,92
01/02/2018;19,53;19,93
31/01/2018;19,55;19,95
30/01/2018;19,64;20,04
29/01/2018;19,63;20,03
26/01/2018;19,58;19,98
25/01/2018;19,56;19,96
24/01/2018;19,63;20,03
23/01/2018;19,48;19,88
22/01/2018;19,4;19,8
19/01/2018;19,29;19,69
18/01/2018;19,24;19,64
17/01/2018;19,22;19,62
16/01/2018;19,2;19,6
15/01/2018;19,21;19,61
12/01/2018;19,14;19,54
11/01/2018;19,01;19,41
10/01/2018;18,92;19,32
09/01/2018;19,14;19,54
08/01/2018;19,18;19,58
05/01/2018;19,05;19,45
04/01/2018;19,01;19,41
03/01/2018;18,89;19,29
02/01/2018;18,85;19,25
29/12/2017;18,88;19,28
28/12/2017;19,15;19,55
27/12/2017;18,65;19,05
26/12/2017;18,5;18,9
22/12/2017;18,07;18,47
21/12/2017;17,83;18,23
20/12/2017;17,66;18,06
19/12/2017;17,74;18,14
18/12/2017;17,85;18,25
15/12/2017;17,69;18,09
14/12/2017;17,56;17,96
13/12/2017;17,43;17,93
12/12/2017;17,55;17,95
11/12/2017;17,53;17,93
07/12/2017;17,48;17,88
06/12/2017;17,55;17,95
05/12/2017;17,56;17,96
04/12/2017;17,67;18,07
01/12/2017;17,61;18,01
30/11/2017;17,56;17,96
29/11/2017;17,72;18,12
28/11/2017;17,74;18,14
27/11/2017;17,71;18,11
24/11/2017;17,77;18,07
23/11/2017;17,7;18,1
22/11/2017;17,74;18,14
21/11/2017;17,72;18,12
17/11/2017;17,69;18,09
16/11/2017;17,66;18,06
15/11/2017;17,66;18,06
14/11/2017;17,67;18,07
13/11/2017;17,68;18,08
10/11/2017;17,58;17,98
09/11/2017;17,55;17,95
08/11/2017;17,5;17,9
07/11/2017;17,6;18
03/11/2017;17,61;18,01
02/11/2017;17,63;18,03
01/11/2017;17,63;18,03
31/10/2017;17,7;18,1
30/10/2017;17,75;18,15
27/10/2017;17,72;18,12
26/10/2017;17,68;18,08
25/10/2017;17,7;18,1
24/10/2017;17,74;18,14
23/10/2017;17,67;18,07
20/10/2017;17,61;18,01
19/10/2017;17,58;17,98
18/10/2017;17,65;18,05
17/10/2017;17,62;18,02
13/10/2017;17,5;17,9
12/10/2017;17,49;17,89
11/10/2017;17,45;17,85
10/10/2017;17,46;17,86
09/10/2017;17,47;17,87
06/10/2017;17,41;17,78
05/10/2017;17,4;17,8
04/10/2017;17,42;17,82
03/10/2017;17,5;17,9
02/10/2017;17,56;17,96
29/09/2017;17,51;17,91
28/09/2017;17,57;17,97
27/09/2017;17,59;17,99
26/09/2017;17,65;18,05
25/09/2017;17,57;17,97
22/09/2017;17,55;17,95
21/09/2017;17,55;17,95
20/09/2017;17,57;17,97
19/09/2017;17,55;17,95
18/09/2017;17,52;17,92
15/09/2017;17,44;17,84
14/09/2017;17,46;17,86
13/09/2017;17,45;17,85
12/09/2017;17,48;17,88
11/09/2017;17,54;17,94
08/09/2017;17,48;17,88
07/09/2017;17,43;17,83
06/09/2017;17,55;17,95
05/09/2017;17,59;17,99
04/09/2017;17,7;18,1
01/09/2017;17,75;18,15
31/08/2017;17,83;18,23
30/08/2017;17,86;18,26
29/08/2017;17,89;18,29
28/08/2017;17,91;18,31
25/08/2017;17,88;18,28
24/08/2017;17,86;18,26
23/08/2017;17,9;18,3
22/08/2017;17,92;18,32
18/08/2017;17,9;18,3
17/08/2017;17,95;18,35
16/08/2017;17,9;18,3
15/08/2017;17,75;18,15
14/08/2017;17,7;18,1
11/08/2017;18,08;18,48
10/08/2017;18,08;18,48
09/08/2017;18,01;18,41
08/08/2017;18;18,4
07/08/2017;17,79;18,19
04/08/2017;17,75;18,15
03/08/2017;17,78;18,18
02/08/2017;17,86;18,26
01/08/2017;17,69;18,09
31/07/2017;17,65;18,09
28/07/2017;18,03;18,43
27/07/2017;18,02;18,42
26/07/2017;17,87;18,27
25/07/2017;17,74;18,14
24/07/2017;17,65;18,05
21/07/2017;17,56;17,96
20/07/2017;17,44;17,84
19/07/2017;17,42;17,82
18/07/2017;17,44;17,84
17/07/2017;17,32;17,72
14/07/2017;17,17;17,57
13/07/2017;17,2;17,6
12/07/2017;17,1;17,5
11/07/2017;16,02;17,42
10/07/2017;16,9;17,3
07/07/2017;16,8;17,2
06/07/2017;16,85;17,25
05/07/2017;16,81;17,21
04/07/2017;16,56;16,96
03/07/2017;16,51;16,91
30/06/2017;16,44;16,84
29/06/2017;16,31;16,71
28/06/2017;16,27;16,67
27/06/2017;16,32;16,72
26/06/2017;16,27;16,67
23/06/2017;16,16;16,56
22/06/2017;16,13;16,53
21/06/2017;16,3;16,7
19/06/2017;16,24;16,64
16/06/2017;16,13;16,53
15/06/2017;16,09;16,49
14/06/2017;16,11;16,51
13/06/2017;16,01;16,41
12/06/2017;16,01;16,41
09/06/2017;15,95;16,35
08/06/2017;15,94;16,34
07/06/2017;15,96;16,36
06/06/2017;15,98;16,38
05/06/2017;15,94;16,34
02/06/2017;15,92;16,32
01/06/2017;15,9;16,3
31/05/2017;15,99;16,39
30/05/2017;16,05;16,45
29/05/2017;16;16,41
26/05/2017;15,94;16,34
24/05/2017;15,89;16,29
23/05/2017;15,88;16,28
22/05/2017;15,82;16,22
19/05/2017;15,71;16,11
18/05/2017;15,8;16,2
17/05/2017;15,66;16,06
16/05/2017;15,65;16,05
15/05/2017;15,57;15,97
12/05/2017;15,53;15,93
11/05/2017;15,52;15,92
10/05/2017;15,44;15,94
09/05/2017;15,55;15,95
08/05/2017;15,61;16,01
05/05/2017;15,51;15,91
04/05/2017;15,51;15,91
03/05/2017;15,49;15,89
02/05/2017;15,57;15,97
28/04/2017;15,59;15,99
27/04/2017;15,55;15,95
26/04/2017;15,66;16,06
25/04/2017;15,7;16,1
24/04/2017;15,72;16,12
21/04/2017;15,69;16,09
20/04/2017;15,69;16,09
19/04/2017;15,7;16,1
18/04/2017;15,47;15,87
17/04/2017;15,51;15,91
12/04/2017;15,29;15,69
11/04/2017;15,29;15,69
10/04/2017;15,23;15,63
07/04/2017;15,29;15,69
06/04/2017;15,47;15,87
05/04/2017;15,47;15,87
04/04/2017;15,48;15,88
03/04/2017;15,59;15,99
31/03/2017;15,58;15,98
30/03/2017;15,49;15,89
29/03/2017;15,5;15,9
28/03/2017;15,67;16,07
27/03/2017;15,71;16,11
23/03/2017;15,69;16,09
22/03/2017;15,68;16,08
21/03/2017;15,73;16,13
20/03/2017;15,8;16,2
17/03/2017;15,67;16,07
16/03/2017;15,64;16,04
15/03/2017;15,66;16,06
14/03/2017;15,67;16,07
13/03/2017;15,68;16,08
10/03/2017;15,64;16,04
09/03/2017;15,62;16,02
08/03/2017;15,62;16,02
07/03/2017;15,69;16,09
06/03/2017;15,7;16,1
03/03/2017;15,67;16,07
02/03/2017;15,62;16,02
01/03/2017;15,84;16,24
24/02/2017;15,88;16,28
23/02/2017;15,86;16,26
22/02/2017;15,95;16,35
21/02/2017;16,02;16,42
20/02/2017;16,09;16,49
17/02/2017;16,08;16,48
16/02/2017;15,98;16,28
15/02/2017;15,92;16,32
14/02/2017;16,01;16,41
13/02/2017;16,05;16,45
10/02/2017;16,03;16,43
09/02/2017;16,03;16,43
08/02/2017;16,08;16,48
07/02/2017;16,09;16,49
06/02/2017;16,08;16,48
03/02/2017;16,08;16,48
02/02/2017;16,11;16,51
01/02/2017;16,21;16,61
31/01/2017;16,24;16,64
30/01/2017;16,3;16,7
27/01/2017;16,4;16,8
26/01/2017;16,4;16,8
25/01/2017;16,45;16,85
24/01/2017;16,47;16,87
23/01/2017;16,48;16,88
20/01/2017;16,46;16,86
19/01/2017;16,49;16,89
18/01/2017;16,48;16,88
17/01/2017;16,45;16,85
16/01/2017;16,41;16,81
13/01/2017;16,39;16,79
12/01/2017;16,42;16,82
11/01/2017;16,41;16,81
10/01/2017;16,45;16,85
09/01/2017;16,48;16,88
06/01/2017;16,46;16,86
05/01/2017;16,47;16,87
04/01/2017;16,56;16,96
03/01/2017;16,71;17,11
02/01/2017;16,59;16,99
30/12/2016;16,47;16,87
29/12/2016;16,55;16,95
28/12/2016;16,4;16,8
27/12/2016;16,37;16,77
26/12/2016;16,45;16,85
23/12/2016;16,26;16,66
22/12/2016;16,24;16,64
21/12/2016;16,18;16,58
20/12/2016;16,18;16,58
19/12/2016;16,34;16,74
16/12/2016;16,29;16,69
15/12/2016;16,26;16,66
14/12/2016;16,03;16,43
13/12/2016;15,96;16,36
12/12/2016;15,94;16,34
07/12/2016;15,9;16,3
06/12/2016;15,68;16,18
05/12/2016;15,88;16,28
02/12/2016;15,95;16,35
01/12/2016;15,85;16,25
30/11/2016;15,75;16,15
29/11/2016;15,7;16,1
25/11/2016;15,69;16,09
24/11/2016;15,63;16,03
23/11/2016;15,55;15,95
22/11/2016;15,42;15,82
21/11/2016;15,42;15,82
18/11/2016;15,45;15,85
17/11/2016;15,4;15,8
16/11/2016;15,4;15,8
15/11/2016;15,45;15,85
14/11/2016;15,5;15,9
11/11/2016;15,05;15,45
10/11/2016;14,95;15,35
09/11/2016;14,98;15,38
08/11/2016;15,02;15,42
07/11/2016;15,07;15,47
04/11/2016;15,02;15,42
03/11/2016;14,97;15,37
02/11/2016;15;15,4
01/11/2016;15,03;15,43
31/10/2016;15,16;15,56
28/10/2016;15,17;15,57
27/10/2016;15,1;15,5
26/10/2016;15,18;15,58
25/10/2016;15,21;15,61
24/10/2016;15,22;15,62
21/10/2016;15,16;15,56
20/10/2016;15,18;15,58
19/10/2016;15,23;15,63
18/10/2016;15,24;15,64
17/10/2016;15,27;15,67
14/10/2016;15,2;15,6
13/10/2016;15,15;15,55
12/10/2016;15,13;15,53
11/10/2016;15,19;15,59
07/10/2016;15,15;15,55
06/10/2016;15,17;15,57
05/10/2016;15,2;15,6
04/10/2016;15,17;15,57
03/10/2016;15,26;15,66
30/09/2016;15,31;15,71
29/09/2016;15,34;15,74
28/09/2016;15,36;15,76
27/09/2016;15,38;15,78
26/09/2016;15,4;15,8
23/09/2016;15,32;15,72
22/09/2016;15,3;15,7
21/09/2016;15,28;15,68
20/09/2016;15,36;15,76
19/09/2016;15,2;15,6
16/09/2016;15,1;15,5
15/09/2016;15,02;15,42
14/09/2016;15,01;15,41
13/09/2016;14,97;15,37
12/09/2016;15,01;15,41
09/09/2016;14,98;15,38
08/09/2016;14,98;15,38
07/09/2016;14,9;15,3
06/09/2016;14,96;15,36
05/09/2016;14,98;15,38
02/09/2016;14,99;15,39
01/09/2016;14,88;15,28
31/08/2016;15,01;15,41
30/08/2016;15,09;15,49
29/08/2016;15,11;15,51
26/08/2016;15,09;15,49
25/08/2016;15,09;15,49
24/08/2016;15,11;15,51
23/08/2016;15,1;15,5
22/08/2016;15,06;15,46
19/08/2016;15,02;15,42
18/08/2016;15,04;15,44
17/08/2016;15,03;15,43
16/08/2016;14,97;15,37
12/08/2016;14,94;15,34
11/08/2016;14,9;15,3
10/08/2016;14,9;15,3
09/08/2016;14,95;15,35
08/08/2016;14,93;15,33
05/08/2016;14,84;15,24
04/08/2016;14,93;15,33
03/08/2016;14,92;15,32
02/08/2016;14,94;15,34
01/08/2016;15,09;15,49
29/07/2016;15,07;15,47
28/07/2016;15,12;15,52
27/07/2016;15,15;15,55
26/07/2016;15,13;15,53
25/07/2016;15,17;15,57
22/07/2016;15,03;15,43
21/07/2016;14,93;15,33
20/07/2016;14,97;15,37
19/07/2016;14,83;15,23
18/07/2016;14,99;15,39
15/07/2016;14,86;15,26
14/07/2016;14,71;15,11
13/07/2016;14,66;15,06
12/07/2016;14,69;15,09
11/07/2016;14,63;15,03
07/07/2016;14,4;14,9
06/07/2016;14,51;14,91
05/07/2016;14,6;15
04/07/2016;14,69;15,09
01/07/2016;14,65;15,05
30/06/2016;14,65;15,05
29/06/2016;14,62;15,02
28/06/2016;14,62;15,02
27/06/2016;14,92;15,32
24/06/2016;14,62;15,02
23/06/2016;14,35;14,75
22/06/2016;14,16;14,56
21/06/2016;14,06;14,46
16/06/2016;14,02;14,42
15/06/2016;14,06;14,46
14/06/2016;14,01;14,41
13/06/2016;14,01;14,41
10/06/2016;13,91;14,31
09/06/2016;13,91;14,31
08/06/2016;13,83;14,23
07/06/2016;13,79;14,19
06/06/2016;13,76;14,16
03/06/2016;13,88;14,28
02/06/2016;13,96;14,36
01/06/2016;14,03;14,43
31/05/2016;14,11;14,51
30/05/2016;14,24;14,64
27/05/2016;14,27;14,67
26/05/2016;14,27;14,67
24/05/2016;14,26;14,66
23/05/2016;14,27;14,67
20/05/2016;14,27;14,67
19/05/2016;14,29;14,69
18/05/2016;14,32;14,71
17/05/2016;14,26;14,66
16/05/2016;14,28;14,68
13/05/2016;14,23;14,63
12/05/2016;14,3;14,7
11/05/2016;14,2;14,6
10/05/2016;14,13;14,53
09/05/2016;14,13;14,53
06/05/2016;14,14;14,54
05/05/2016;14,18;14,58
04/05/2016;14,27;14,67
03/05/2016;14,26;14,66
02/05/2016;14,26;14,66
29/04/2016;14,26;14,66
28/04/2016;14,31;14,71
27/04/2016;14,34;14,74
26/04/2016;14,39;14,79
25/04/2016;14,45;14,85
22/04/2016;14,48;14,88
21/04/2016;14,4;14,8
20/04/2016;14,28;14,68
19/04/2016;14,33;14,73
18/04/2016;14,41;14,81
15/04/2016;14,54;14,94
14/04/2016;14,58;14,98
13/04/2016;14,52;14,92
12/04/2016;14,61;15,01
11/04/2016;14,56;14,96
08/04/2016;14,51;14,91
07/04/2016;14,55;14,95
06/04/2016;14,58;14,98
05/04/2016;14,7;15,1
04/04/2016;14,79;15,19
01/04/2016;14,81;15,21
31/03/2016;14,86;15,26
30/03/2016;14,9;15,3
29/03/2016;14,99;15,39
28/03/2016;15,03;15,43
23/03/2016;14,9;15,3
22/03/2016;14,94;15,34
21/03/2016;14,99;15,39
18/03/2016;15,16;15,56
17/03/2016;15,18;15,58
16/03/2016;15,02;15,42
15/03/2016;14,95;15,35
14/03/2016;15,21;15,61
11/03/2016;15,2;15,6
10/03/2016;15,31;15,71
09/03/2016;15,32;15,72
08/03/2016;15,34;15,74
07/03/2016;15,33;15,73
04/03/2016;15,32;15,72
03/03/2016;15,31;15,71
02/03/2016;15,4;15,9
01/03/2016;15,55;15,95
29/02/2016;15,21;15,61
26/02/2016;15,25;15,65
25/02/2016;15,26;15,66
24/02/2016;15,18;15,58
23/02/2016;15,03;15,43
22/02/2016;15,02;15,42
19/02/2016;14,93;15,33
18/02/2016;14,95;15,35
17/02/2016;14,92;15,32
16/02/2016;14,68;15,08
15/02/2016;14,6;15
12/02/2016;14,55;14,95
11/02/2016;14,26;14,66
10/02/2016;14,03;14,43
05/02/2016;14,01;14,41
04/02/2016;14;14,4
03/02/2016;13,99;14,39
02/02/2016;13,9;14,3
01/02/2016;14;14,4
29/01/2016;13,87;14,27
28/01/2016;13,89;14,29
27/01/2016;13,97;14,37
26/01/2016;13,96;14,36
25/01/2016;13,95;14,35
22/01/2016;13,95;14,35
21/01/2016;13,96;14,36
20/01/2016;13,95;14,35
19/01/2016;13,97;14,37
18/01/2016;13,97;14,37
15/01/2016;13,98;14,38
14/01/2016;14,01;14,41
13/01/2016;14;14,4
12/01/2016;13,98;14,38
11/01/2016;14,04;14,44
08/01/2016;14,05;14,45
07/01/2016;14,04;14,44
06/01/2016;14,03;14,43
05/01/2016;14,14;14,29
04/01/2016;14,05;14,2
31/12/2015;14,17;14,32
30/12/2015;14,17;14,32
29/12/2015;14,26;14,41
28/12/2015;14,17;14,32
24/12/2015;13,95;14,1
23/12/2015;13,95;14,1
22/12/2015;13,77;13,92
21/12/2015;13,75;13,9
18/12/2015;14,05;14,2
17/12/2015;14,21;14,36
16/12/2015;14,42;14,57
15/12/2015;14,39;14,54
14/12/2015;14,54;14,69
11/12/2015;14,71;14,86
10/12/2015;14,62;14,77
09/12/2015;14,58;14,73
04/12/2015;14,66;14,81
03/12/2015;14,58;14,73
02/12/2015;14,65;14,8
01/12/2015;14,34;14,49
30/11/2015;14,59;14,74
26/11/2015;14,81;14,96
25/11/2015;14,97;15,12
24/11/2015;15,09;15,24
23/11/2015;15,04;15,19
20/11/2015;14,92;15,07
19/11/2015;15,05;15,2
18/11/2015;15,26;15,41
17/11/2015;15,2;15,35
16/11/2015;14,95;15,1
13/11/2015;14,9;15,05
12/11/2015;15,12;15,27
11/11/2015;15,18;15,33
10/11/2015;14,55;14,7
09/11/2015;14,3;14,45
05/11/2015;14,99;15,14
04/11/2015;15,31;15,46
03/11/2015;15,36;15,51
02/11/2015;15,48;15,63
30/10/2015;15,6;15,75
29/10/2015;15,62;15,77
28/10/2015;15,75;15,9
27/10/2015;15,7;15,85
26/10/2015;15,66;15,81
23/10/2015;15,9;16,05
22/10/2015;15,88;16,03
21/10/2015;15,73;15,88
20/10/2015;15,88;16,03
19/10/2015;15,96;16,11
16/10/2015;15,79;15,94
15/10/2015;15,68;15,83
14/10/2015;15,67;15,82
13/10/2015;15,68;15,83
09/10/2015;15,68;15,83
08/10/2015;15,62;15,77
07/10/2015;15,6;15,75
06/10/2015;15,59;15,74
05/10/2015;15,65;15,8
02/10/2015;15,74;15,89
01/10/2015;15,73;15,88
30/09/2015;15,84;15,99
29/09/2015;15,85;16
28/09/2015;15,86;16,01
25/09/2015;15,91;16,06
24/09/2015;15,86;16,01
23/09/2015;15,78;15,93
22/09/2015;15,79;15,94
21/09/2015;15,75;15,9
18/09/2015;15,71;15,86
17/09/2015;15,76;15,91
16/09/2015;15,7;15,85
15/09/2015;15,53;15,68
14/09/2015;15,47;15,62
11/09/2015;15,37;15,52
10/09/2015;15,39;15,54
09/09/2015;15,4;15,55
08/09/2015;15,36;15,51
07/09/2015;15,3;15,45
04/09/2015;15,33;15,48
03/09/2015;15,51;15,66
02/09/2015;15,47;15,62
01/09/2015;15,36;15,51
31/08/2015;15,32;15,47
28/08/2015;15,38;15,53
27/08/2015;15,52;15,67
26/08/2015;15,77;15,92
25/08/2015;15,82;15,97
24/08/2015;15,69;15,84
21/08/2015;15,4;15,55
20/08/2015;15,2;15,35
19/08/2015;15;15,15
18/08/2015;14,9;15,05
14/08/2015;14,95;15,1
13/08/2015;14,82;14,97
12/08/2015;14,72;14,87
11/08/2015;14,68;14,83
10/08/2015;14,67;14,82
07/08/2015;14,77;14,92
06/08/2015;14,83;14,98
05/08/2015;14,8;14,95
04/08/2015;14,75;14,9
03/08/2015;14,74;14,89
31/07/2015;14,79;14,94
30/07/2015;14,76;14,91
29/07/2015;14,79;14,94
28/07/2015;14,8;14,95
27/07/2015;14,5;14,65
24/07/2015;14,34;14,49
23/07/2015;14,49;14,64
22/07/2015;14,74;14,89
21/07/2015;14,94;15,09
20/07/2015;14,4;14,55
17/07/2015;14,07;14,22
16/07/2015;13,96;14,11
15/07/2015;13,79;13,94
14/07/2015;13,85;14
13/07/2015;13,7;13,85
10/07/2015;13,47;13,62
08/07/2015;13,35;13,6
07/07/2015;13,34;13,59
06/07/2015;13,28;13,43
03/07/2015;13,33;13,48
02/07/2015;13,45;13,55
01/07/2015;13,45;13,55
30/06/2015;13,3;13,4
29/06/2015;13,19;13,29
26/06/2015;13,18;13,28
25/06/2015;13,42;13,52
24/06/2015;13,47;13,57
23/06/2015;13,25;13,35
22/06/2015;12,95;13,05
19/06/2015;12,92;13,02
18/06/2015;12,98;13,08
17/06/2015;12,84;12,94
16/06/2015;12,75;12,85
15/06/2015;12,6;12,7
12/06/2015;12,58;12,68
11/06/2015;12,57;12,67
10/06/2015;12,52;12,62
09/06/2015;12,52;12,62
08/06/2015;12,52;12,62
05/06/2015;12,55;12,65
04/06/2015;12,54;12,64
03/06/2015;12,56;12,66
02/06/2015;12,55;12,65
01/06/2015;12,53;12,63
29/05/2015;12,55;12,65
28/05/2015;12,6;12,7
27/05/2015;12,62;12,72
26/05/2015;12,62;12,72
22/05/2015;12,55;12,65
21/05/2015;12,54;12,64
20/05/2015;12,54;12,64
19/05/2015;12,6;12,7
18/05/2015;12,56;12,66
15/05/2015;12,55;12,65
14/05/2015;12,52;12,62
13/05/2015;12,49;12,59
12/05/2015;12,43;12,53
11/05/2015;12,42;12,52
08/05/2015;12,47;12,57
07/05/2015;12,49;12,59
06/05/2015;12,5;12,6
05/05/2015;12,48;12,58
04/05/2015;12,51;12,61
30/04/2015;12,6;12,7
29/04/2015;12,63;12,73
28/04/2015;12,63;12,73
27/04/2015;12,6;12,7
24/04/2015;12,7;12,8
23/04/2015;12,74;12,84
22/04/2015;12,69;12,79
21/04/2015;12,61;12,71
20/04/2015;12,58;12,68
17/04/2015;12,61;12,71
16/04/2015;12,62;12,72
15/04/2015;12,7;12,8
14/04/2015;12,42;12,52
13/04/2015;12,32;12,42
10/04/2015;12,3;12,4
09/04/2015;12,29;12,39
08/04/2015;12,35;12,45
07/04/2015;12,28;12,38
06/04/2015;12,39;12,49
01/04/2015;12,45;12,55
31/03/2015;12,52;12,62
30/03/2015;12,52;12,62
27/03/2015;12,68;12,78
26/03/2015;12,69;12,79
25/03/2015;12,71;12,81
20/03/2015;12,72;12,82
19/03/2015;12,76;12,86
18/03/2015;12,86;12,96
17/03/2015;12,78;12,88
16/03/2015;12,79;12,89
13/03/2015;12,86;12,96
12/03/2015;12,82;12,92
11/03/2015;12,72;12,82
10/03/2015;12,66;12,76
09/03/2015;12,66;12,76
06/03/2015;12,71;12,81
05/03/2015;12,75;12,85
04/03/2015;12,83;12,93
03/03/2015;12,83;12,93
02/03/2015;12,9;13
27/02/2015;12,93;13,03
26/02/2015;13,01;13,11
25/02/2015;13,04;13,14
24/02/2015;13,01;13,11
23/02/2015;13,01;13,11
20/02/2015;12,92;13,02
19/02/2015;12,75;12,85
18/02/2015;12,9;13
13/02/2015;13,09;13,19
12/02/2015;13,02;13,12
11/02/2015;13,05;13,15
10/02/2015;13,08;13,18
09/02/2015;13,08;13,18
06/02/2015;13,1;13,2
05/02/2015;13,15;13,25
04/02/2015;13,2;13,3
03/02/2015;13,21;13,31
02/02/2015;13,28;13,38
30/01/2015;13,5;13,6
29/01/2015;13,5;13,6
28/01/2015;13,65;13,75
27/01/2015;13,55;13,65
26/01/2015;13,56;13,66
23/01/2015;13,57;13,67
22/01/2015;13,6;13,7
21/01/2015;13,55;13,65
20/01/2015;13,55;13,65
19/01/2015;13,6;13,7
16/01/2015;13,49;13,59
15/01/2015;13,52;13,62
14/01/2015;13,52;13,62
13/01/2015;13,5;13,6
12/01/2015;13,6;13,7
09/01/2015;13,67;13,77
08/01/2015;13,67;13,77
07/01/2015;13,65;13,75
06/01/2015;13,65;13,75
05/01/2015;13,65;13,75
02/01/2015;13,7;13,8
30/12/2014;13,7;13,8
29/12/2014;13,45;13,55
23/12/2014;13,28;13,38
22/12/2014;13,08;13,18
19/12/2014;13;13,1
18/12/2014;13,05;13,15
17/12/2014;13;13,1
16/12/2014;13,05;13,15
15/12/2014;13,07;13,17
12/12/2014;12,75;12,85
11/12/2014;12,6;12,7
10/12/2014;12,68;12,78
09/12/2014;12,7;12,8
05/12/2014;12,68;12,78
04/12/2014;12,82;12,92
03/12/2014;12,95;13,05
02/12/2014;12,9;13
01/12/2014;13;13,1
28/11/2014;13;13,1
27/11/2014;13,1;13,2
26/11/2014;13,2;13,3
25/11/2014;13,25;13,35
21/11/2014;13,28;13,38
20/11/2014;13,4;13,5
19/11/2014;13,45;13,55
18/11/2014;13,45;13,55
17/11/2014;13,38;13,48
14/11/2014;13,28;13,38
13/11/2014;13,3;13,4
12/11/2014;13,58;13,68
11/11/2014;13,05;13,15
10/11/2014;12,55;12,65
07/11/2014;13;13,1
06/11/2014;13,4;13,5
05/11/2014;13,4;13,5
04/11/2014;13,5;13,6
03/11/2014;13,8;13,9
31/10/2014;14,18;14,28
30/10/2014;14,23;14,33
29/10/2014;14,43;14,53
28/10/2014;14,52;14,62
27/10/2014;14,58;14,68
24/10/2014;14,55;14,65
23/10/2014;14,6;14,7
22/10/2014;14,59;14,69
21/10/2014;14,6;14,7
20/10/2014;14,58;14,68
17/10/2014;14,6;14,7
16/10/2014;14,55;14,65
15/10/2014;14,63;14,73
14/10/2014;14,67;14,77
10/10/2014;14,85;14,95
09/10/2014;14,73;14,83
08/10/2014;14,55;14,65
07/10/2014;14,6;14,7
06/10/2014;14,85;14,95
03/10/2014;15,2;15,3
02/10/2014;15,4;15,5
01/10/2014;15,5;15,6
30/09/2014;15,6;15,7
29/09/2014;15,5;15,6
26/09/2014;15,65;15,75
25/09/2014;15,65;15,75
24/09/2014;15,85;15,95
23/09/2014;15,32;15,42
22/09/2014;15,05;15,15
19/09/2014;14,9;15
18/09/2014;14,9;15
17/09/2014;15;15,1
16/09/2014;14,6;14,7
15/09/2014;14,35;14,45
12/09/2014;14,25;14,35
11/09/2014;14,16;14,26
10/09/2014;14,15;14,25
09/09/2014;14,15;14,25
08/09/2014;14,1;14,2
05/09/2014;13,9;14
04/09/2014;13,9;14
03/09/2014;14,1;14,2
02/09/2014;14,15;14,25
01/09/2014;14,1;14,2
29/08/2014;13,95;14,05
27/08/2014;14,28;14,38
26/08/2014;14,1;14,2
25/08/2014;13,88;13,98
22/08/2014;13,78;13,88
21/08/2014;13,85;13,95
20/08/2014;13,45;13,55
19/08/2014;13,1;13,2
15/08/2014;13,1;13,2
14/08/2014;13,1;13,2
13/08/2014;13,05;13,15
12/08/2014;12,85;12,95
11/08/2014;12,7;12,8
08/08/2014;12,7;12,8
07/08/2014;12,7;12,8
06/08/2014;12,7;12,8
05/08/2014;12,6;12,7
04/08/2014;12,6;12,7
01/08/2014;12,7;12,8
31/07/2014;12,6;12,7
30/07/2014;12,2;12,3
29/07/2014;12,7;12,8
28/07/2014;12,9;13
25/07/2014;12,5;12,6
24/07/2014;12,4;12,5
23/07/2014;12,5;12,6
22/07/2014;12,35;12,45
21/07/2014;12,17;12,27
18/07/2014;12,15;12,25
17/07/2014;12,15;12,25
16/07/2014;12,1;12,2
15/07/2014;12;12,1
14/07/2014;11,9;12
11/07/2014;11,8;11,9
10/07/2014;11,9;12
08/07/2014;11,9;12
07/07/2014;11,85;11,95
04/07/2014;11,85;11,95
03/07/2014;11,85;11,95
02/07/2014;11,9;12
01/07/2014;11,95;12,05
30/06/2014;12,05;12,15
27/06/2014;12,05;12,15
26/06/2014;11,95;12,05
25/06/2014;11,95;12,05
24/06/2014;11,9;12
23/06/2014;11,7;11,8
19/06/2014;12,3;12,4
18/06/2014;12,2;12,3
17/06/2014;12,1;12,2
16/06/2014;11,75;11,85
13/06/2014;11,55;11,65
12/06/2014;11,6;11,7
11/06/2014;11,5;11,6
10/06/2014;11,5;11,6
09/06/2014;11,45;11,55
06/06/2014;11,45;11,55
05/06/2014;11,45;11,55
04/06/2014;11,45;11,55
03/06/2014;11,4;11,5
02/06/2014;11,3;11,4
30/05/2014;11,3;11,4
29/05/2014;11,6;11,7
28/05/2014;11,7;11,8
27/05/2014;11,65;11,75
26/05/2014;11,4;11,5
23/05/2014;11,27;11,37
22/05/2014;11,7;11,8
21/05/2014;11,8;11,9
20/05/2014;11,6;11,7
19/05/2014;11,2;11,3
16/05/2014;10,95;11,05
15/05/2014;10,8;10,9
14/05/2014;10,65;10,75
13/05/2014;10,6;10,8
12/05/2014;10,6;10,7
09/05/2014;10,6;10,7
08/05/2014;10,63;10,73
07/05/2014;10,6;10,7
06/05/2014;10,45;10,55
05/05/2014;10,4;10,5
30/04/2014;10,45;10,55
29/04/2014;10,5;10,6
28/04/2014;10,6;10,7
25/04/2014;10,65;10,75
24/04/2014;10,6;10,7
23/04/2014;10,4;10,5
22/04/2014;10,3;10,4
21/04/2014;10,3;10,4
16/04/2014;10,3;10,4
15/04/2014;10,3;10,4
14/04/2014;10,18;10,28
11/04/2014;10,28;10,38
10/04/2014;10,2;10,3
09/04/2014;10,2;10,3
08/04/2014;10,24;10,34
07/04/2014;10,5;10,6
04/04/2014;10,6;10,7
03/04/2014;10,65;10,75
01/04/2014;10,7;10,8
31/03/2014;10,7;10,8
28/03/2014;10,75;10,85
27/03/2014;10,75;10,85
26/03/2014;10,8;10,9
25/03/2014;10,8;10,9
21/03/2014;10,8;10,9
20/03/2014;10,85;10,95
19/03/2014;10,82;10,92
18/03/2014;10,83;10,93
17/03/2014;10,8;10,9
14/03/2014;10,85;10,95
13/03/2014;10,9;11
12/03/2014;10,75;10,85
11/03/2014;10,75;10,85
10/03/2014;10,85;10,95
07/03/2014;10,95;11,05
06/03/2014;10,95;11
05/03/2014;10,5;10,55
28/02/2014;11,2;11,25
27/02/2014;11,4;11,45
26/02/2014;11,5;11,55
25/02/2014;11,6;11,65
24/02/2014;11,65;11,7
21/02/2014;11,7;11,8
20/02/2014;11,73;11,83
19/02/2014;11,7;11,8
18/02/2014;11,68;11,78
17/02/2014;11,68;11,78
14/02/2014;11,75;11,85
13/02/2014;11,85;11,95
12/02/2014;12;12,1
11/02/2014;11,55;11,65
10/02/2014;11,55;11,65
07/02/2014;11,9;12,15
06/02/2014;11,9;12,4
05/02/2014;11,55;12,55
04/02/2014;11,55;12,55
03/02/2014;11,05;12,55
31/01/2014;11,15;12,65
30/01/2014;11,1;12,6
29/01/2014;11,4;12,9
28/01/2014;11;12,5
27/01/2014;10,15;12,15
24/01/2014;9,7;11,7
23/01/2014;13,01;13,06
22/01/2014;12,1;12,15
21/01/2014;11,81;11,86
20/01/2014;11,6;11,65
17/01/2014;11,9;11,95
16/01/2014;11,5;11,55
15/01/2014;11,16;11,21
14/01/2014;10,88;10,93
13/01/2014;10,72;10,77
10/01/2014;10,75;10,8
09/01/2014;10,75;10,8
08/01/2014;10,7;10,75
07/01/2014;10,85;10,9
06/01/2014;10,42;10,47
03/01/2014;10,25;10,3
02/01/2014;10,12;10,17
30/12/2013;9,95;10
27/12/2013;9,92;9,97
26/12/2013;9,85;9,9
23/12/2013;9,65;9,7
20/12/2013;9,6;9,65
19/12/2013;9,64;9,69
18/12/2013;9,75;9,8
17/12/2013;9,7;9,75
16/12/2013;9,65;9,7
13/12/2013;9,55;9,6
12/12/2013;9,5;9,55
11/12/2013;9,49;9,54
10/12/2013;9,5;9,55
09/12/2013;9,45;9,5
06/12/2013;9,45;9,5
05/12/2013;9,64;9,69
04/12/2013;9,57;9,62
03/12/2013;9,25;9,3
02/12/2013;9,13;9,18
29/11/2013;9,53;9,57
28/11/2013;9,64;9,69
27/11/2013;9,67;9,72
26/11/2013;9,76;9,81
22/11/2013;9,87;9,92
21/11/2013;9,89;9,94
20/11/2013;9,88;9,93
19/11/2013;9,87;9,92
18/11/2013;9,82;9,87
15/11/2013;9,89;9,94
14/11/2013;9,94;9,99
13/11/2013;9,85;9,9
12/11/2013;9,75;9,8
11/11/2013;9,74;9,79
08/11/2013;9,75;9,8
07/11/2013;9,74;9,79
06/11/2013;9,78;9,83
05/11/2013;9,78;9,83
04/11/2013;9,83;9,88
01/11/2013;9,88;9,93
31/10/2013;9,87;9,92
30/10/2013;9,88;9,93
29/10/2013;9,83;9,88
28/10/2013;9,7;9,75
23/10/2013;10;10,05
22/10/2013;10;10,05
21/10/2013;9,85;9,9
18/10/2013;9,83;9,88
17/10/2013;9,8;9,85
16/10/2013;9,71;9,76
15/10/2013;9,55;9,6
11/10/2013;9,67;9,72
10/10/2013;9,72;9,77
09/10/2013;9,65;9,7
08/10/2013;9,57;9,62
07/10/2013;9,5;9,55
04/10/2013;9,5;9,55
03/10/2013;9,55;9,6
02/10/2013;9,52;9,57
01/10/2013;9,48;9,53
30/09/2013;9,43;9,48
27/09/2013;9,48;9,53
26/09/2013;9,44;9,5
25/09/2013;9,4;9,45
24/09/2013;9,34;9,39
23/09/2013;9,32;9,37
20/09/2013;9,3;9,35
19/09/2013;9,3;9,35
18/09/2013;9,28;9,33
17/09/2013;9,28;9,33
16/09/2013;9,2;9,25
13/09/2013;9,17;9,25
12/09/2013;9,17;9,22
11/09/2013;9,16;9,21
10/09/2013;9,13;9,18
09/09/2013;9,17;9,22
06/09/2013;9,17;9,22
05/09/2013;9,18;9,23
04/09/2013;9,15;9,2
03/09/2013;9,15;9,2
02/09/2013;9,17;9,22
30/08/2013;9,2;9,25
29/08/2013;9,33;9,38
28/08/2013;9,33;9,38
27/08/2013;9,36;9,41
26/08/2013;8,98;9,03
23/08/2013;8,94;8,99
22/08/2013;8,9;8,95
21/08/2013;8,84;8,89
20/08/2013;8,81;8,86
16/08/2013;8,8;8,85
15/08/2013;8,8;8,85
14/08/2013;8,8;8,85
13/08/2013;8,69;8,74
12/08/2013;8,67;8,72
09/08/2013;8,73;8,78
07/08/2013;8,55;8,6
06/08/2013;8,53;8,58
05/08/2013;8,51;8,56
02/08/2013;8,51;8,56
01/08/2013;8,49;8,54
31/07/2013;8,48;8,53
30/07/2013;8,48;8,53
29/07/2013;8,48;8,53
26/07/2013;8,46;8,51
25/07/2013;8,46;8,51
24/07/2013;8,53;8,58
23/07/2013;8,45;8,5
22/07/2013;8,45;8,5
19/07/2013;8,47;8,52
18/07/2013;8,52;8,57
17/07/2013;8,7;8,75
16/07/2013;8,7;8,75
15/07/2013;8,53;8,58
12/07/2013;8,3;8,35
11/07/2013;8,16;8,2
10/07/2013;8,04;8,09
08/07/2013;7,93;7,98
05/07/2013;7,92;7,97
04/07/2013;7,93;7,98
03/07/2013;7,9;7,95
02/07/2013;7,88;7,93
01/07/2013;7,93;7,98
28/06/2013;8;8,05
27/06/2013;8;8,05
26/06/2013;8;8,05
25/06/2013;8;8,05
24/06/2013;8;8,05
19/06/2013;7,93;7,98
18/06/2013;7,81;7,86
17/06/2013;7,95;8
14/06/2013;7,95;8
13/06/2013;7,95;8
12/06/2013;8,2;8,25
11/06/2013;8,52;8,57
10/06/2013;8,52;8,57
07/06/2013;8,52;8,57
06/06/2013;8,52;8,57
05/06/2013;8,5;8,55
04/06/2013;8,45;8,5
03/06/2013;8,55;8,6
31/05/2013;8,75;8,8
30/05/2013;8,82;8,87
29/05/2013;8,83;8,88
28/05/2013;8,83;8,88
27/05/2013;8,88;8,93
24/05/2013;8,9;8,95
23/05/2013;8,75;8,8
22/05/2013;8,38;8,43
21/05/2013;8,53;8,58
20/05/2013;8,85;8,9
17/05/2013;8,9;8,95
16/05/2013;8,9;8,95
15/05/2013;9;9,05
14/05/2013;9,15;9,2
13/05/2013;9,98;10,03
10/05/2013;9,98;10,03
09/05/2013;9,98;10,03
08/05/2013;10,4;10,45
07/05/2013;10,04;10,08
06/05/2013;9,83;9,87
03/05/2013;9,84;9,88
02/05/2013;9,6;9,63
30/04/2013;9,37;9,4
29/04/2013;9,27;9,3
26/04/2013;9,3;9,34
25/04/2013;9,16;9,2
24/04/2013;8,91;8,94
23/04/2013;8,82;8,86
22/04/2013;8,63;8,67
19/04/2013;8,6;8,63
18/04/2013;8,63;8,66
17/04/2013;8,67;8,7
16/04/2013;8,5;8,52
15/04/2013;8,4;8,42
12/04/2013;8,41;8,43
11/04/2013;8,42;8,44
10/04/2013;8,37;8,39
09/04/2013;8,34;8,37
08/04/2013;8,3;8,33
05/04/2013;8,37;8,4
04/04/2013;8,3;8,32
03/04/2013;8,25;8,3
27/03/2013;8,38;8,43
26/03/2013;8,25;8,3
25/03/2013;8,22;8,27
22/03/2013;8,42;8,48
21/03/2013;8,4;8,45
20/03/2013;8,7;8,75
19/03/2013;8,25;8,27
18/03/2013;8,06;8,08
15/03/2013;8,03;8,05
14/03/2013;7,97;7,99
13/03/2013;7,9;7,92
12/03/2013;7,82;7,84
11/03/2013;7,8;7,82
08/03/2013;7,81;7,83
07/03/2013;7,8;7,82
06/03/2013;7,81;7,83
05/03/2013;7,8;7,82
04/03/2013;7,8;7,82
01/03/2013;7,82;7,84
28/02/2013;7,82;7,84
27/02/2013;7,8;7,82
26/02/2013;7,8;7,82
25/02/2013;7,76;7,78
22/02/2013;7,78;7,8
21/02/2013;7,81;7,83
19/02/2013;7,79;7,81
18/02/2013;7,68;7,7
15/02/2013;7,69;7,71
14/02/2013;7,64;7,66
13/02/2013;7,63;7,65
08/02/2013;7,65;7,67
07/02/2013;7,65;7,68
06/02/2013;7,68;7,7
05/02/2013;7,56;7,59
04/02/2013;7,7;7,72
01/02/2013;7,9;7,92
30/01/2013;7,89;7,92
29/01/2013;7,77;7,8
28/01/2013;7,64;7,66
25/01/2013;7,6;7,62
24/01/2013;7,54;7,56
23/01/2013;7,5;7,52
22/01/2013;7,41;7,43
21/01/2013;7,42;7,44
18/01/2013;7,46;7,48
17/01/2013;7,49;7,51
16/01/2013;7,47;7,5
15/01/2013;7,34;7,36
14/01/2013;7,23;7,25
11/01/2013;7,18;7,2
10/01/2013;7,22;7,25
09/01/2013;7,1;7,12
08/01/2013;7,03;7,05
07/01/2013;7,02;7,04
04/01/2013;7,02;7,04
03/01/2013;7,05;7,07
02/01/2013;6,89;6,91
31/12/2012;6,78;6,8
28/12/2012;6,78;6,8
27/12/2012;6,76;6,78
26/12/2012;6,62;6,64
21/12/2012;6,59;6,61
20/12/2012;6,61;6,63
19/12/2012;6,53;6,55
18/12/2012;6,51;6,53
17/12/2012;6,5;6,52
14/12/2012;6,51;6,53
13/12/2012;6,5;6,52
12/12/2012;6,46;6,48
11/12/2012;6,42;6,44
10/12/2012;6,43;6,45
07/12/2012;6,45;6,47
06/12/2012;6,42;6,44
05/12/2012;6,42;6,44
04/12/2012;6,42;6,44
03/12/2012;6,42;6,44
30/11/2012;6,42;6,44
29/11/2012;6,42;6,44
28/11/2012;6,45;6,47
27/11/2012;6,43;6,45
23/11/2012;6,44;6,46
22/11/2012;6,39;6,41
21/11/2012;6,36;6,38
20/11/2012;6,34;6,36
19/11/2012;6,34;6,36
16/11/2012;6,38;6,4
15/11/2012;6,33;6,35
14/11/2012;6,33;6,35
13/11/2012;6,3;6,32
12/11/2012;6,3;6,32
09/11/2012;6,31;6,33
08/11/2012;6,31;6,33
07/11/2012;6,28;6,3
05/11/2012;6,32;6,34
02/11/2012;6,31;6,33
01/11/2012;6,32;6,34
31/10/2012;6,32;6,34
30/10/2012;6,34;6,36
29/10/2012;6,33;6,35
26/10/2012;6,36;6,38
25/10/2012;6,35;6,37
24/10/2012;6,35;6,37
23/10/2012;6,3;6,32
22/10/2012;6,26;6,28
19/10/2012;6,29;6,31
18/10/2012;6,3;6,32
17/10/2012;6,31;6,33
16/10/2012;6,2;6,22
15/10/2012;6,18;6,2
12/10/2012;6,18;6,2
11/10/2012;6,19;6,21
10/10/2012;6,19;6,21
09/10/2012;6,18;6,2
05/10/2012;6,16;6,18
04/10/2012;6,17;6,19
03/10/2012;6,23;6,25
02/10/2012;6,24;6,26
01/10/2012;6,24;6,26
28/09/2012;6,28;6,3
27/09/2012;6,28;6,3
26/09/2012;6,27;6,29
25/09/2012;6,3;6,32
21/09/2012;6,3;6,32
20/09/2012;6,3;6,32
19/09/2012;6,29;6,31
18/09/2012;6,29;6,31
17/09/2012;6,28;6,3
14/09/2012;6,29;6,31
13/09/2012;6,28;6,3
12/09/2012;6,3;6,32
11/09/2012;6,28;6,3
10/09/2012;6,31;6,33
07/09/2012;6,31;6,33
06/09/2012;6,32;6,34
05/09/2012;6,33;6,35
04/09/2012;6,33;6,35
03/09/2012;6,32;6,34
31/08/2012;6,35;6,37
30/08/2012;6,35;6,37
29/08/2012;6,35;6,37
28/08/2012;6,34;6,36
27/08/2012;6,36;6,38
24/08/2012;6,38;6,41
23/08/2012;6,39;6,42
22/08/2012;6,37;6,4
21/08/2012;6,32;6,35
17/08/2012;6,3;6,33
16/08/2012;6,3;6,33
15/08/2012;6,29;6,32
14/08/2012;6,27;6,3
13/08/2012;6,25;6,28
10/08/2012;6,24;6,27
09/08/2012;6,23;6,26
08/08/2012;6,23;6,26
07/08/2012;6,23;6,26
06/08/2012;6,18;6,21
03/08/2012;6,17;6,2
02/08/2012;6,18;6,21
01/08/2012;6,24;6,27
31/07/2012;6,29;6,32
30/07/2012;6,34;6,37
27/07/2012;6,41;6,45
26/07/2012;6,38;6,42
25/07/2012;6,41;6,45
24/07/2012;6,39;6,43
23/07/2012;6,37;6,42
20/07/2012;6,4;6,45
19/07/2012;6,57;6,6
18/07/2012;6,7;6,74
17/07/2012;6,55;6,6
16/07/2012;6,28;6,31
13/07/2012;6,14;6,17
12/07/2012;6,08;6,1
11/07/2012;5,98;6
10/07/2012;5,95;5,97
06/07/2012;5,94;5,96
05/07/2012;5,94;5,96
04/07/2012;5,94;5,96
03/07/2012;5,94;5,96
02/07/2012;5,94;5,96
29/06/2012;5,93;5,95
28/06/2012;5,96;5,98
27/06/2012;5,93;5,95
26/06/2012;5,92;5,94
25/06/2012;5,95;5,98
22/06/2012;5,96;5,98
21/06/2012;5,96;5,98
19/06/2012;5,9;5,94
18/06/2012;5,88;5,92
15/06/2012;5,89;5,93
14/06/2012;5,89;5,93
13/06/2012;5,87;5,92
12/06/2012;5,87;5,92
01/06/2012;5,93;5,95
31/05/2012;5,9;5,92
30/05/2012;5,88;5,9
29/05/2012;5,87;5,91
28/05/2012;5,85;5,89
24/05/2012;5,9;5,93
23/05/2012;6,11;6,15
22/05/2012;5,9;5,94
21/05/2012;5,69;5,72
18/05/2012;5,6;5,63
17/05/2012;5,56;5,59
16/05/2012;5,46;5,49
15/05/2012;5,52;5,55
14/05/2012;5,26;5,28
11/05/2012;5,16;5,18
10/05/2012;5,08;5,1
09/05/2012;5,06;5,08
08/05/2012;5,04;5,06
07/05/2012;5,03;5,05
04/05/2012;5,02;5,04
03/05/2012;5,03;5,05
02/05/2012;5,06;5,08
27/04/2012;5,07;5,09
26/04/2012;5,08;5,1
25/04/2012;5,12;5,14
24/04/2012;5,11;5,13
23/04/2012;5,03;5,04
20/04/2012;5,01;5,02
19/04/2012;5,01;5,02
18/04/2012;5;5,02
17/04/2012;4,99;5,01
16/04/2012;4,94;4,95
13/04/2012;4,92;4,93
12/04/2012;4,9;4,91
11/04/2012;4,88;4,89
10/04/2012;4,87;4,88
09/04/2012;4,88;4,89
04/04/2012;4,9;4,91
03/04/2012;4,88;4,89
30/03/2012;4,92;4,93
29/03/2012;4,93;4,94
28/03/2012;4,92;4,93
27/03/2012;4,92;4,93
26/03/2012;4,9;4,91
23/03/2012;4,88;4,89
22/03/2012;4,86;4,87
21/03/2012;4,85;4,86
20/03/2012;4,81;4,82
19/03/2012;4,78;4,79
16/03/2012;4,81;4,82
15/03/2012;4,78;4,79
14/03/2012;4,73;4,74
13/03/2012;4,71;4,72
12/03/2012;4,71;4,72
09/03/2012;4,7;4,71
08/03/2012;4,7;4,71
07/03/2012;4,7;4,71
06/03/2012;4,68;4,69
05/03/2012;4,68;4,69
02/03/2012;4,68;4,69
01/03/2012;4,69;4,7
29/02/2012;4,71;4,72
28/02/2012;4,71;4,73
24/02/2012;4,72;4,73
23/02/2012;4,72;4,73
22/02/2012;4,73;4,74
17/02/2012;4,75;4,76
16/02/2012;4,73;4,74
15/02/2012;4,75;4,76
14/02/2012;4,73;4,74
13/02/2012;4,73;4,74
10/02/2012;4,75;4,76
09/02/2012;4,75;4,76
08/02/2012;4,72;4,73
07/02/2012;4,72;4,73
06/02/2012;4,76;4,77
03/02/2012;4,77;4,78
02/02/2012;4,77;4,78
01/02/2012;4,77;4,78
31/01/2012;4,78;4,79
30/01/2012;4,8;4,81
27/01/2012;4,83;4,84
26/01/2012;4,84;4,85
25/01/2012;4,83;4,84
24/01/2012;4,83;4,84
23/01/2012;4,83;4,84
20/01/2012;4,83;4,84
19/01/2012;4,83;4,84
18/01/2012;4,82;4,83
17/01/2012;4,8;4,81
16/01/2012;4,8;4,81
13/01/2012;4,8;4,81
12/01/2012;4,79;4,8
11/01/2012;4,79;4,8
10/01/2012;4,78;4,79
09/01/2012;4,78;4,79
06/01/2012;4,78;4,79
05/01/2012;4,78;4,79
04/01/2012;4,77;4,78
03/01/2012;4,74;4,75
30/12/2011;4,73;4,74
29/12/2011;4,73;4,74
28/12/2011;4,73;4,74
27/12/2011;4,69;4,71
23/12/2011;4,65;4,67
22/12/2011;4,63;4,65
21/12/2011;4,61;4,63
20/12/2011;4,61;4,63
19/12/2011;4,62;4,64
16/12/2011;4,6;4,61
15/12/2011;4,6;4,62
14/12/2011;4,59;4,61
13/12/2011;4,52;4,63
12/12/2011;4,62;4,73
07/12/2011;4,52;4,63
06/12/2011;4,6;4,71
05/12/2011;4,6;4,71
02/12/2011;4,6;4,73
01/12/2011;4,7;4,75
30/11/2011;4,62;4,74
29/11/2011;4,65;4,75
25/11/2011;4,65;4,75
24/11/2011;4,6;4,73
23/11/2011;4,6;4,7
22/11/2011;4,6;4,7
21/11/2011;4,6;4,7
18/11/2011;4,6;4,75
17/11/2011;4,6;4,7
16/11/2011;4,6;4,75
15/11/2011;4,6;4,75
14/11/2011;4,77;4,79
11/11/2011;4,97;4,99
10/11/2011;4,97;5
09/11/2011;4,85;4,87
08/11/2011;4,73;4,75
07/11/2011;4,66;4,68
04/11/2011;4,66;4,67
03/11/2011;4,66;4,68
02/11/2011;4,67;4,69
01/11/2011;4,6;4,62
31/10/2011;4,48;4,49
28/10/2011;4,48;4,49
27/10/2011;4,49;4,5
26/10/2011;4,47;4,48
25/10/2011;4,46;4,47
24/10/2011;4,46;4,46
21/10/2011;4,47;4,47
20/10/2011;4,46;4,47
19/10/2011;4,45;4,45
18/10/2011;4,41;4,42
17/10/2011;4,41;4,41
14/10/2011;4,42;4,43
13/10/2011;4,42;4,43
12/10/2011;4,37;4,38
11/10/2011;4,39;4,39
07/10/2011;4,39;4,4
06/10/2011;4,4;4,41
05/10/2011;4,43;4,43
04/10/2011;4,43;4,44
03/10/2011;4,42;4,42
30/09/2011;4,43;4,43
29/09/2011;4,43;4,43
28/09/2011;4,45;4,45
27/09/2011;4,45;4,45
26/09/2011;4,47;4,47
23/09/2011;4,48;4,49
22/09/2011;4,44;4,45
21/09/2011;4,43;4,44
20/09/2011;4,44;4,44
19/09/2011;4,44;4,44
16/09/2011;4,44;4,44
15/09/2011;4,44;4,44
14/09/2011;4,43;4,44
13/09/2011;4,43;4,44
12/09/2011;4,43;4,43
09/09/2011;4,43;4,43
08/09/2011;4,42;4,43
07/09/2011;4,42;4,43
06/09/2011;4,41;4,42
05/09/2011;4,41;4,42
02/09/2011;4,42;4,43
01/09/2011;4,41;4,42
31/08/2011;4,43;4,43
30/08/2011;4,44;4,44
29/08/2011;4,44;4,44
26/08/2011;4,43;4,44
25/08/2011;4,42;4,42
24/08/2011;4,39;4,39
23/08/2011;4,36;4,37
19/08/2011;4,37;4,37
18/08/2011;4,37;4,37
17/08/2011;4,36;4,36
16/08/2011;4,35;4,35
15/08/2011;4,33;4,34
12/08/2011;4,35;4,35
11/08/2011;4,34;4,35
10/08/2011;4,35;4,35
09/08/2011;4,34;4,34
08/08/2011;4,3;4,31
05/08/2011;4,32;4,32
04/08/2011;4,32;4,32
03/08/2011;4,32;4,33
02/08/2011;4,32;4,33
01/08/2011;4,32;4,32
29/07/2011;4,34;4,34
28/07/2011;4,34;4,34
27/07/2011;4,34;4,35
26/07/2011;4,34;4,34
25/07/2011;4,32;4,33
22/07/2011;4,32;4,32
21/07/2011;4,31;4,32
20/07/2011;4,31;4,32
19/07/2011;4,31;4,31
18/07/2011;4,29;4,29
15/07/2011;4,29;4,29
14/07/2011;4,28;4,29
13/07/2011;4,28;4,28
12/07/2011;4,27;4,27
11/07/2011;4,26;4,26
08/07/2011;4,26;4,26
07/07/2011;4,26;4,26
06/07/2011;4,27;4,27
05/07/2011;4,26;4,26
04/07/2011;4,26;4,27
01/07/2011;4,27;4,28
30/06/2011;4,27;4,27
29/06/2011;4,29;4,29
28/06/2011;4,29;4,29
27/06/2011;4,29;4,29
24/06/2011;4,3;4,3
23/06/2011;4,3;4,3
22/06/2011;4,29;4,3
21/06/2011;4,29;4,29
17/06/2011;4,3;4,3
16/06/2011;4,31;4,31
15/06/2011;4,3;4,31
14/06/2011;4,28;4,29
13/06/2011;4,26;4,26
10/06/2011;4,26;4,26
09/06/2011;4,26;4,26
08/06/2011;4,27;4,28
07/06/2011;4,26;4,26
06/06/2011;4,26;4,27
03/06/2011;4,28;4,28
02/06/2011;4,29;4,3
01/06/2011;4,3;4,31
31/05/2011;4,29;4,3
30/05/2011;4,32;4,33
27/05/2011;4,34;4,34
26/05/2011;4,34;4,34
24/05/2011;4,35;4,35
23/05/2011;4,34;4,34
20/05/2011;4,33;4,33
19/05/2011;4,33;4,33
18/05/2011;4,32;4,32
17/05/2011;4,31;4,32
16/05/2011;4,29;4,29
13/05/2011;4,28;4,29
12/05/2011;4,28;4,29
11/05/2011;4,28;4,28
10/05/2011;4,27;4,28
09/05/2011;4,26;4,27
06/05/2011;4,26;4,27
05/05/2011;4,27;4,27
04/05/2011;4,27;4,27
03/05/2011;4,28;4,29
02/05/2011;4,26;4,27
29/04/2011;4,3;4,31
28/04/2011;4,32;4,33
27/04/2011;4,28;4,29
26/04/2011;4,27;4,28
25/04/2011;4,24;4,25
20/04/2011;4,22;4,22
19/04/2011;4,21;4,22
18/04/2011;4,2;4,2
15/04/2011;4,2;4,2
14/04/2011;4,2;4,2
13/04/2011;4,18;4,18
12/04/2011;4,17;4,17
11/04/2011;4,16;4,16
08/04/2011;4,16;4,16
07/04/2011;4,16;4,16
06/04/2011;4,16;4,16
05/04/2011;4,15;4,16
04/04/2011;4,15;4,16
01/04/2011;4,15;4,16
31/03/2011;4,15;4,16
30/03/2011;4,16;4,16
29/03/2011;4,16;4,17
28/03/2011;4,16;4,17
23/03/2011;4,16;4,17
22/03/2011;4,15;4,16
21/03/2011;4,16;4,16
18/03/2011;4,15;4,16
17/03/2011;4,16;4,16
16/03/2011;4,16;4,17
15/03/2011;4,16;4,16
14/03/2011;4,14;4,14
11/03/2011;4,14;4,14
10/03/2011;4,11;4,11
09/03/2011;4,11;4,12
04/03/2011;4,13;4,13
03/03/2011;4,14;4,14
02/03/2011;4,14;4,15
01/03/2011;4,15;4,15
28/02/2011;4,15;4,15
25/02/2011;4,16;4,17
24/02/2011;4,17;4,17
23/02/2011;4,16;4,17
22/02/2011;4,16;4,16
21/02/2011;4,16;4,16
18/02/2011;4,17;4,18
17/02/2011;4,17;4,18
16/02/2011;4,16;4,17
15/02/2011;4,15;4,16
14/02/2011;4,14;4,14
11/02/2011;4,14;4,15
10/02/2011;4,13;4,14
09/02/2011;4,13;4,14
08/02/2011;4,13;4,14
07/02/2011;4,11;4,12
04/02/2011;4,11;4,12
03/02/2011;4,11;4,12
02/02/2011;4,11;4,12
01/02/2011;4,13;4,13
31/01/2011;4,13;4,14
28/01/2011;4,15;4,15
27/01/2011;4,15;4,15
26/01/2011;4,14;4,15
25/01/2011;4,14;4,14
24/01/2011;4,14;4,14
21/01/2011;4,14;4,15
20/01/2011;4,15;4,15
19/01/2011;4,14;4,15
18/01/2011;4,14;4,15
17/01/2011;4,13;4,13
14/01/2011;4,13;4,14
13/01/2011;4,13;4,14
12/01/2011;4,13;4,13
11/01/2011;4,13;4,13
10/01/2011;4,11;4,11
07/01/2011;4,12;4,12
06/01/2011;4,13;4,14
05/01/2011;4,13;4,14
04/01/2011;4,12;4,12
03/01/2011;4,11;4,11
30/12/2010;4,1;4,11
29/12/2010;4,11;4,12
28/12/2010;4,1;4,11
27/12/2010;4,09;4,09
23/12/2010;4,08;4,09
22/12/2010;4,07;4,08
21/12/2010;4,07;4,07
20/12/2010;4,06;4,07
17/12/2010;4,07;4,08
16/12/2010;4,06;4,07
15/12/2010;4,06;4,07
14/12/2010;4,05;4,05
13/12/2010;4,04;4,05
10/12/2010;4,04;4,04
09/12/2010;4,03;4,04
07/12/2010;4,04;4,04
06/12/2010;4,04;4,04
03/12/2010;4,06;4,06
02/12/2010;4,07;4,07
01/12/2010;4,06;4,06
30/11/2010;4,06;4,07
29/11/2010;4,06;4,06
26/11/2010;4,06;4,07
25/11/2010;4,07;4,07
24/11/2010;4,06;4,07
23/11/2010;4,05;4,05
19/11/2010;4,05;4,06
18/11/2010;4,05;4,06
17/11/2010;4,05;4,05
16/11/2010;4,03;4,04
15/11/2010;4,02;4,03
12/11/2010;4,03;4,04
11/11/2010;4,04;4,04
10/11/2010;4,02;4,03
09/11/2010;4,01;4,02
08/11/2010;4,01;4,02
05/11/2010;4,02;4,02
04/11/2010;4,03;4,04
03/11/2010;4,03;4,04
02/11/2010;4,03;4,04
01/11/2010;4,03;4,03
29/10/2010;4,03;4,04
28/10/2010;4,04;4,04
26/10/2010;4,03;4,04
25/10/2010;4,03;4,04
22/10/2010;4,04;4,04
21/10/2010;4,04;4,04
20/10/2010;4,04;4,04
19/10/2010;4,03;4,03
18/10/2010;4,02;4,03
15/10/2010;4,02;4,03
14/10/2010;4,02;4,02
13/10/2010;4,01;4,02
12/10/2010;4;4
08/10/2010;4;4
07/10/2010;4;4,01
06/10/2010;4,01;4,02
05/10/2010;4,01;4,02
04/10/2010;4,02;4,02
01/10/2010;4,02;4,03
30/09/2010;4,03;4,03
29/09/2010;4,03;4,03
28/09/2010;4,02;4,03
27/09/2010;4,02;4,02
24/09/2010;4,02;4,03
23/09/2010;4,02;4,03
22/09/2010;4,01;4,02
21/09/2010;4,01;4,01
20/09/2010;4;4,01
17/09/2010;4,01;4,01
16/09/2010;4;4,01
15/09/2010;4;4,01
14/09/2010;4;4,01
13/09/2010;3,99;4
10/09/2010;4;4
09/09/2010;4;4,01
08/09/2010;3,99;3,99
07/09/2010;3,98;3,99
06/09/2010;3,99;4
03/09/2010;4;4
02/09/2010;4;4,01
01/09/2010;4;4
31/08/2010;4;4,01
30/08/2010;4;4,01
27/08/2010;4,01;4,02
26/08/2010;4,02;4,03
25/08/2010;4,02;4,03
24/08/2010;4,01;4,02
23/08/2010;4;4
20/08/2010;4;4
19/08/2010;4;4,01
18/08/2010;4;4,01
17/08/2010;4;4,01
13/08/2010;4,01;4,02
12/08/2010;4,01;4,01
11/08/2010;4;4
10/08/2010;3,99;4
09/08/2010;3,99;4
06/08/2010;3,99;3,99
05/08/2010;4,01;4,02
04/08/2010;4;4,01
03/08/2010;4,01;4,02
02/08/2010;4,01;4,02
30/07/2010;4,03;4,03
29/07/2010;4,03;4,03
28/07/2010;4,03;4,03
27/07/2010;4,02;4,03
26/07/2010;4,02;4,02
23/07/2010;4,02;4,02
22/07/2010;4,01;4,02
21/07/2010;4,01;4,01
20/07/2010;4,01;4,01
19/07/2010;4,01;4,01
16/07/2010;4,01;4,01
15/07/2010;4;4,01
14/07/2010;4;4
13/07/2010;4;4,01
12/07/2010;3,98;3,98
08/07/2010;3,97;3,98
07/07/2010;3,98;3,98
06/07/2010;3,98;3,99
05/07/2010;3,99;4
02/07/2010;4;4,01
01/07/2010;4;4,01
30/06/2010;4,01;4,01
29/06/2010;4;4
28/06/2010;4;4
25/06/2010;4,01;4,02
24/06/2010;4,02;4,03
23/06/2010;4,02;4,02
22/06/2010;4,01;4,02
18/06/2010;4,02;4,03
17/06/2010;4,03;4,03
16/06/2010;4,02;4,02
15/06/2010;4,02;4,02
14/06/2010;4;4
11/06/2010;4,01;4,01
10/06/2010;4,04;4,04
09/06/2010;4,01;4,01
08/06/2010;4;4
07/06/2010;3,99;3,99
04/06/2010;4;4
03/06/2010;4;4
02/06/2010;3,99;4
01/06/2010;3,97;3,97
31/05/2010;3,96;3,97
28/05/2010;3,96;3,96
27/05/2010;3,95;3,96
26/05/2010;3,95;3,96
21/05/2010;3,96;3,96
20/05/2010;3,96;3,97
19/05/2010;3,95;3,96
18/05/2010;3,94;3,94
17/05/2010;3,93;3,94
14/05/2010;3,94;3,95
13/05/2010;3,94;3,95
12/05/2010;3,93;3,94
11/05/2010;3,93;3,93
10/05/2010;3,92;3,92
07/05/2010;3,92;3,93
06/05/2010;3,92;3,93
05/05/2010;3,91;3,92
04/05/2010;3,91;3,91
03/05/2010;3,91;3,91
30/04/2010;3,91;3,92
29/04/2010;3,91;3,92
28/04/2010;3,91;3,91
27/04/2010;3,91;3,92
26/04/2010;3,91;3,92
23/04/2010;3,92;3,92
22/04/2010;3,91;3,92
21/04/2010;3,91;3,92
20/04/2010;3,91;3,92
19/04/2010;3,92;3,92
16/04/2010;3,92;3,92
15/04/2010;3,91;3,92
14/04/2010;3,92;3,92
13/04/2010;3,89;3,9
12/04/2010;3,88;3,89
09/04/2010;3,88;3,89
08/04/2010;3,89;3,9
07/04/2010;3,89;3,9
06/04/2010;3,87;3,87
05/04/2010;3,87;3,87
01/04/2010;3,88;3,89
31/03/2010;3,88;3,89
30/03/2010;3,89;3,89
29/03/2010;3,89;3,9
26/03/2010;3,89;3,9
25/03/2010;3,9;3,9
23/03/2010;3,9;3,9
22/03/2010;3,9;3,9
19/03/2010;3,9;3,9
18/03/2010;3,9;3,91
17/03/2010;3,91;3,91
16/03/2010;3,9;3,91
15/03/2010;3,9;3,91
12/03/2010;3,9;3,91
11/03/2010;3,91;3,91
10/03/2010;3,91;3,91
09/03/2010;3,9;3,9
08/03/2010;3,9;3,9
05/03/2010;3,9;3,91
04/03/2010;3,91;3,91
03/03/2010;3,91;3,91
02/03/2010;3,9;3,91
01/03/2010;3,9;3,9
26/02/2010;3,92;3,93
25/02/2010;3,93;3,93
24/02/2010;3,93;3,93
23/02/2010;3,92;3,93
22/02/2010;3,92;3,93
19/02/2010;3,94;3,94
18/02/2010;3,95;3,95
17/02/2010;3,94;3,95
16/02/2010;3,94;3,94
15/02/2010;3,93;3,94
12/02/2010;3,93;3,94
11/02/2010;3,93;3,93
10/02/2010;3,92;3,93
09/02/2010;3,9;3,91
08/02/2010;3,9;3,9
05/02/2010;3,91;3,91
04/02/2010;3,92;3,92
03/02/2010;3,91;3,91
02/02/2010;3,9;3,91
01/02/2010;3,88;3,89
29/01/2010;3,88;3,88
28/01/2010;3,89;3,89
27/01/2010;3,9;3,9
26/01/2010;3,88;3,89
25/01/2010;3,87;3,88
22/01/2010;3,87;3,88
21/01/2010;3,87;3,88
20/01/2010;3,87;3,88
19/01/2010;3,87;3,88
18/01/2010;3,86;3,87
15/01/2010;3,88;3,89
14/01/2010;3,89;3,89
13/01/2010;3,88;3,89
12/01/2010;3,87;3,87
11/01/2010;3,87;3,87
08/01/2010;3,87;3,87
07/01/2010;3,86;3,87
06/01/2010;3,87;3,88
05/01/2010;3,86;3,86
04/01/2010;3,86;3,86
30/12/2009;3,86;3,86
29/12/2009;3,86;3,87
28/12/2009;3,84;3,85
24/12/2009;3,83;3,84
23/12/2009;3,83;3,84
22/12/2009;3,84;3,84
21/12/2009;3,83;3,83
18/12/2009;3,83;3,84
17/12/2009;3,84;3,85
16/12/2009;3,85;3,85
15/12/2009;3,83;3,83
14/12/2009;3,81;3,82
11/12/2009;3,8;3,81
10/12/2009;3,8;3,81
09/12/2009;3,8;3,8
07/12/2009;3,8;3,8
04/12/2009;3,8;3,81
03/12/2009;3,81;3,81
02/12/2009;3,81;3,81
01/12/2009;3,8;3,8
30/11/2009;3,8;3,8
27/11/2009;3,81;3,82
26/11/2009;3,82;3,82
25/11/2009;3,82;3,82
24/11/2009;3,82;3,82
23/11/2009;3,82;3,82
20/11/2009;3,82;3,83
19/11/2009;3,84;3,84
18/11/2009;3,84;3,84
17/11/2009;3,83;3,83
16/11/2009;3,82;3,82
13/11/2009;3,81;3,82
12/11/2009;3,81;3,81
11/11/2009;3,8;3,8
10/11/2009;3,79;3,79
09/11/2009;3,79;3,79
05/11/2009;3,79;3,8
04/11/2009;3,8;3,81
03/11/2009;3,8;3,81
02/11/2009;3,81;3,81
30/10/2009;3,82;3,82
29/10/2009;3,83;3,83
28/10/2009;3,83;3,84
27/10/2009;3,83;3,83
26/10/2009;3,83;3,83
23/10/2009;3,83;3,83
22/10/2009;3,84;3,84
21/10/2009;3,84;3,84
20/10/2009;3,82;3,83
19/10/2009;3,82;3,83
16/10/2009;3,83;3,83
15/10/2009;3,82;3,82
14/10/2009;3,82;3,83
13/10/2009;3,82;3,83
09/10/2009;3,82;3,83
08/10/2009;3,83;3,84
07/10/2009;3,83;3,84
06/10/2009;3,82;3,83
05/10/2009;3,83;3,84
02/10/2009;3,84;3,84
01/10/2009;3,84;3,84
30/09/2009;3,84;3,84
29/09/2009;3,85;3,85
28/09/2009;3,85;3,86
25/09/2009;3,86;3,87
24/09/2009;3,86;3,87
23/09/2009;3,86;3,87
22/09/2009;3,85;3,86
21/09/2009;3,85;3,86
18/09/2009;3,85;3,86
17/09/2009;3,85;3,86
16/09/2009;3,84;3,85
15/09/2009;3,84;3,85
14/09/2009;3,85;3,86
11/09/2009;3,86;3,86
10/09/2009;3,86;3,86
09/09/2009;3,84;3,84
08/09/2009;3,84;3,84
07/09/2009;3,84;3,84
04/09/2009;3,84;3,85
03/09/2009;3,87;3,87
02/09/2009;3,86;3,86
01/09/2009;3,85;3,85
31/08/2009;3,84;3,85
28/08/2009;3,85;3,86
27/08/2009;3,86;3,86
26/08/2009;3,86;3,86
25/08/2009;3,86;3,86
24/08/2009;3,87;3,87
21/08/2009;3,88;3,88
20/08/2009;3,88;3,89
19/08/2009;3,88;3,88
18/08/2009;3,86;3,87
14/08/2009;3,86;3,86
13/08/2009;3,86;3,87
12/08/2009;3,85;3,85
11/08/2009;3,84;3,85
10/08/2009;3,84;3,84
07/08/2009;3,84;3,85
06/08/2009;3,84;3,85
05/08/2009;3,85;3,86
04/08/2009;3,86;3,86
03/08/2009;3,86;3,87
31/07/2009;3,87;3,87
30/07/2009;3,87;3,88
29/07/2009;3,86;3,87
28/07/2009;3,86;3,86
27/07/2009;3,87;3,88
24/07/2009;3,88;3,89
23/07/2009;3,88;3,89
22/07/2009;3,88;3,88
21/07/2009;3,87;3,88
20/07/2009;3,86;3,87
17/07/2009;3,88;3,88
16/07/2009;3,87;3,88
15/07/2009;3,86;3,86
14/07/2009;3,84;3,84
13/07/2009;3,83;3,84
10/07/2009;3,84;3,84
09/07/2009;3,84;3,84
08/07/2009;3,84;3,84
07/07/2009;3,83;3,84
06/07/2009;3,83;3,83
03/07/2009;3,84;3,85
02/07/2009;3,86;3,86
01/07/2009;3,84;3,85
30/06/2009;3,83;3,84
29/06/2009;3,84;3,84
26/06/2009;3,89;3,89
25/06/2009;3,89;3,89
24/06/2009;3,88;3,89
23/06/2009;3,9;3,9
22/06/2009;3,89;3,9
19/06/2009;3,88;3,89
18/06/2009;3,86;3,86
17/06/2009;3,84;3,85
16/06/2009;3,84;3,84
12/06/2009;3,84;3,85
11/06/2009;3,83;3,84
10/06/2009;3,81;3,82
09/06/2009;3,81;3,81
08/06/2009;3,8;3,81
05/06/2009;3,8;3,81
04/06/2009;3,81;3,81
03/06/2009;3,8;3,81
02/06/2009;3,8;3,81
01/06/2009;3,8;3,81
29/05/2009;3,81;3,81
28/05/2009;3,8;3,8
27/05/2009;3,78;3,79
26/05/2009;3,79;3,8
22/05/2009;3,8;3,81
21/05/2009;3,8;3,8
20/05/2009;3,79;3,8
19/05/2009;3,79;3,79
18/05/2009;3,77;3,77
15/05/2009;3,77;3,78
14/05/2009;3,78;3,79
13/05/2009;3,77;3,77
12/05/2009;3,75;3,76
11/05/2009;3,75;3,75
08/05/2009;3,74;3,75
07/05/2009;3,74;3,75
06/05/2009;3,73;3,74
05/05/2009;3,73;3,73
04/05/2009;3,73;3,74
30/04/2009;3,74;3,74
29/04/2009;3,74;3,75
28/04/2009;3,74;3,75
27/04/2009;3,74;3,74
24/04/2009;3,74;3,75
23/04/2009;3,74;3,74
22/04/2009;3,74;3,74
21/04/2009;3,72;3,73
20/04/2009;3,72;3,73
17/04/2009;3,73;3,74
16/04/2009;3,73;3,73
15/04/2009;3,72;3,72
14/04/2009;3,71;3,72
13/04/2009;3,69;3,7
08/04/2009;3,72;3,72
07/04/2009;3,71;3,71
06/04/2009;3,7;3,7
03/04/2009;3,75;3,75
01/04/2009;3,77;3,78
31/03/2009;3,79;3,79
30/03/2009;3,81;3,82
27/03/2009;3,81;3,82
26/03/2009;3,78;3,79
25/03/2009;3,76;3,76
23/03/2009;3,77;3,77
20/03/2009;3,75;3,76
19/03/2009;3,74;3,75
18/03/2009;3,74;3,75
17/03/2009;3,73;3,74
16/03/2009;3,73;3,74
13/03/2009;3,73;3,74
12/03/2009;3,73;3,74
11/03/2009;3,72;3,73
10/03/2009;3,72;3,72
09/03/2009;3,72;3,72
06/03/2009;3,72;3,72
05/03/2009;3,72;3,73
04/03/2009;3,72;3,73
03/03/2009;3,69;3,7
02/03/2009;3,66;3,67
27/02/2009;3,64;3,64
26/02/2009;3,64;3,65
25/02/2009;3,68;3,68
24/02/2009;3,67;3,68
23/02/2009;3,65;3,65
20/02/2009;3,62;3,63
19/02/2009;3,61;3,61
18/02/2009;3,56;3,57
17/02/2009;3,55;3,55
16/02/2009;3,54;3,54
13/02/2009;3,54;3,55
12/02/2009;3,54;3,55
11/02/2009;3,53;3,54
10/02/2009;3,54;3,54
09/02/2009;3,55;3,55
06/02/2009;3,55;3,55
05/02/2009;3,55;3,56
04/02/2009;3,54;3,55
03/02/2009;3,53;3,54
02/02/2009;3,53;3,53
30/01/2009;3,54;3,55
29/01/2009;3,55;3,55
28/01/2009;3,54;3,55
27/01/2009;3,53;3,53
26/01/2009;3,52;3,53
23/01/2009;3,52;3,52
22/01/2009;3,52;3,52
21/01/2009;3,51;3,51
20/01/2009;3,51;3,52
19/01/2009;3,51;3,51
16/01/2009;3,52;3,53
15/01/2009;3,53;3,54
14/01/2009;3,53;3,53
13/01/2009;3,52;3,52
12/01/2009;3,52;3,52
09/01/2009;3,53;3,54
08/01/2009;3,54;3,54
07/01/2009;3,55;3,55
06/01/2009;3,54;3,54
05/01/2009;3,51;3,52
02/01/2009;3,53;3,54
31/12/2008;3,53;3,54
30/12/2008;3,54;3,54
29/12/2008;3,51;3,51
23/12/2008;3,45;3,45
22/12/2008;3,46;3,46
19/12/2008;3,47;3,47
18/12/2008;3,47;3,47
17/12/2008;3,46;3,47
16/12/2008;3,47;3,47
15/12/2008;3,47;3,47
12/12/2008;3,47;3,47
11/12/2008;3,47;3,48
10/12/2008;3,46;3,47
09/12/2008;3,49;3,5
08/12/2008;3,5;3,51
05/12/2008;3,5;3,51
04/12/2008;3,5;3,5
03/12/2008;3,47;3,47
02/12/2008;3,42;3,43
01/12/2008;3,4;3,41
28/11/2008;3,41;3,42
27/11/2008;3,41;3,41
26/11/2008;3,39;3,4
25/11/2008;3,38;3,38
24/11/2008;3,37;3,38
21/11/2008;3,37;3,38
20/11/2008;3,38;3,38
19/11/2008;3,37;3,38
18/11/2008;3,37;3,37
17/11/2008;3,36;3,36
14/11/2008;3,37;3,37
13/11/2008;3,38;3,39
12/11/2008;3,37;3,38
11/11/2008;3,32;3,33
10/11/2008;3,31;3,32
07/11/2008;3,34;3,35
04/11/2008;3,37;3,38
03/11/2008;3,42;3,43
31/10/2008;3,47;3,48
30/10/2008;3,47;3,48
29/10/2008;3,46;3,47
28/10/2008;3,45;3,45
27/10/2008;3,39;3,4
24/10/2008;3,43;3,44
23/10/2008;3,35;3,36
22/10/2008;3,3;3,3
21/10/2008;3,3;3,3
20/10/2008;3,28;3,29
17/10/2008;3,31;3,32
16/10/2008;3,32;3,33
15/10/2008;3,29;3,29
14/10/2008;3,25;3,26
10/10/2008;3,36;3,37
09/10/2008;3,32;3,33
08/10/2008;3,29;3,3
07/10/2008;3,32;3,32
06/10/2008;3,24;3,24
03/10/2008;3,17;3,18
02/10/2008;3,17;3,17
01/10/2008;3,16;3,16
30/09/2008;3,15;3,16
29/09/2008;3,14;3,14
26/09/2008;3,15;3,15
25/09/2008;3,15;3,15
24/09/2008;3,16;3,16
23/09/2008;3,15;3,15
22/09/2008;3,14;3,14
19/09/2008;3,16;3,16
18/09/2008;3,2;3,2
17/09/2008;3,17;3,18
16/09/2008;3,16;3,17
15/09/2008;3,14;3,14
12/09/2008;3,12;3,12
11/09/2008;3,12;3,12
10/09/2008;3,13;3,13
09/09/2008;3,08;3,08
08/09/2008;3,07;3,07
05/09/2008;3,07;3,07
04/09/2008;3,07;3,08
03/09/2008;3,07;3,07
02/09/2008;3,06;3,06
01/09/2008;3,06;3,06
29/08/2008;3,06;3,07
28/08/2008;3,07;3,07
27/08/2008;3,07;3,07
26/08/2008;3,07;3,07
25/08/2008;3,07;3,07
22/08/2008;3,07;3,07
21/08/2008;3,07;3,07
20/08/2008;3,06;3,07
19/08/2008;3,06;3,07
15/08/2008;3,07;3,07
14/08/2008;3,08;3,08
13/08/2008;3,08;3,08
12/08/2008;3,08;3,08
11/08/2008;3,07;3,07
08/08/2008;3,08;3,08
07/08/2008;3,06;3,07
06/08/2008;3,06;3,06
05/08/2008;3,06;3,06
04/08/2008;3,06;3,06
01/08/2008;3,06;3,06
31/07/2008;3,07;3,07
30/07/2008;3,06;3,06
29/07/2008;3,07;3,07
28/07/2008;3,07;3,07
25/07/2008;3,07;3,07
24/07/2008;3,07;3,07
23/07/2008;3,06;3,06
22/07/2008;3,07;3,07
21/07/2008;3,07;3,08
18/07/2008;3,08;3,08
17/07/2008;3,08;3,08
16/07/2008;3,08;3,09
15/07/2008;3,06;3,07
14/07/2008;3,07;3,08
11/07/2008;3,08;3,08
10/07/2008;3,06;3,07
08/07/2008;3,06;3,06
07/07/2008;3,05;3,05
04/07/2008;3,05;3,05
03/07/2008;3,06;3,07
02/07/2008;3,06;3,06
01/07/2008;3,04;3,05
30/06/2008;3,06;3,06
27/06/2008;3,08;3,09
26/06/2008;3,09;3,09
25/06/2008;3,08;3,08
24/06/2008;3,06;3,06
23/06/2008;3,08;3,08
20/06/2008;3,1;3,1
19/06/2008;3,11;3,11
18/06/2008;3,12;3,12
17/06/2008;3,13;3,13
16/06/2008;3,12;3,12
13/06/2008;3,12;3,12
12/06/2008;3,13;3,13
11/06/2008;3,13;3,13
10/06/2008;3,14;3,14
09/06/2008;3,15;3,15
06/06/2008;3,15;3,16
05/06/2008;3,15;3,15
04/06/2008;3,16;3,16
03/06/2008;3,15;3,15
02/06/2008;3,15;3,16
30/05/2008;3,18;3,18
29/05/2008;3,19;3,2
28/05/2008;3,2;3,2
27/05/2008;3,21;3,21
26/05/2008;3,21;3,22
23/05/2008;3,22;3,23
22/05/2008;3,22;3,22
21/05/2008;3,21;3,21
20/05/2008;3,21;3,21
19/05/2008;3,21;3,22
16/05/2008;3,24;3,24
15/05/2008;3,25;3,26
14/05/2008;3,26;3,26
13/05/2008;3,27;3,27
12/05/2008;3,27;3,28
09/05/2008;3,27;3,27
08/05/2008;3,25;3,26
07/05/2008;3,24;3,25
06/05/2008;3,23;3,23
05/05/2008;3,22;3,23
02/05/2008;3,23;3,23
30/04/2008;3,23;3,23
29/04/2008;3,23;3,23
28/04/2008;3,23;3,23
25/04/2008;3,25;3,25
24/04/2008;3,25;3,25
23/04/2008;3,24;3,25
22/04/2008;3,23;3,23
21/04/2008;3,21;3,22
18/04/2008;3,21;3,21
17/04/2008;3,22;3,23
16/04/2008;3,2;3,2
15/04/2008;3,19;3,19
14/04/2008;3,18;3,18
11/04/2008;3,19;3,19
10/04/2008;3,2;3,2
09/04/2008;3,18;3,19
08/04/2008;3,18;3,18
07/04/2008;3,18;3,18
04/04/2008;3,18;3,19
03/04/2008;3,18;3,19
02/04/2008;3,19;3,19
01/04/2008;3,19;3,19
31/03/2008;3,19;3,19
28/03/2008;3,18;3,19
27/03/2008;3,2;3,2
26/03/2008;3,19;3,19
25/03/2008;3,18;3,18
24/03/2008;3,17;3,18
19/03/2008;3,17;3,18
18/03/2008;3,18;3,19
17/03/2008;3,18;3,19
14/03/2008;3,18;3,19
13/03/2008;3,18;3,18
12/03/2008;3,17;3,17
11/03/2008;3,17;3,17
10/03/2008;3,17;3,17
07/03/2008;3,17;3,17
06/03/2008;3,17;3,18
05/03/2008;3,18;3,18
04/03/2008;3,17;3,17
03/03/2008;3,17;3,18
29/02/2008;3,18;3,19
28/02/2008;3,19;3,19
27/02/2008;3,18;3,19
26/02/2008;3,18;3,18
25/02/2008;3,17;3,18
22/02/2008;3,18;3,18
21/02/2008;3,18;3,18
20/02/2008;3,18;3,18
19/02/2008;3,17;3,18
18/02/2008;3,17;3,18
15/02/2008;3,18;3,18
14/02/2008;3,18;3,18
13/02/2008;3,18;3,18
12/02/2008;3,17;3,17
11/02/2008;3,17;3,17
08/02/2008;3,17;3,17
07/02/2008;3,17;3,18
06/02/2008;3,18;3,18
05/02/2008;3,17;3,17
04/02/2008;3,17;3,17
01/02/2008;3,17;3,17
31/01/2008;3,17;3,17
30/01/2008;3,17;3,17
29/01/2008;3,18;3,18
28/01/2008;3,18;3,19
25/01/2008;3,18;3,18
24/01/2008;3,18;3,19
23/01/2008;3,19;3,19
22/01/2008;3,18;3,19
21/01/2008;3,18;3,19
18/01/2008;3,18;3,18
17/01/2008;3,18;3,18
16/01/2008;3,17;3,17
15/01/2008;3,17;3,17
14/01/2008;3,17;3,18
11/01/2008;3,17;3,17
10/01/2008;3,17;3,17
09/01/2008;3,17;3,17
08/01/2008;3,17;3,18
07/01/2008;3,17;3,18
04/01/2008;3,17;3,17
03/01/2008;3,17;3,17
02/01/2008;3,16;3,17
28/12/2007;3,17;3,17
27/12/2007;3,17;3,17
26/12/2007;3,17;3,17
24/12/2007;3,15;3,16
21/12/2007;3,15;3,16
20/12/2007;3,16;3,16
19/12/2007;3,16;3,16
18/12/2007;3,16;3,16
17/12/2007;3,16;3,17
14/12/2007;3,17;3,17
13/12/2007;3,16;3,17
12/12/2007;3,15;3,15
11/12/2007;3,15;3,15
10/12/2007;3,15;3,15
07/12/2007;3,15;3,15
06/12/2007;3,15;3,16
05/12/2007;3,16;3,16
04/12/2007;3,15;3,16
03/12/2007;3,15;3,15
30/11/2007;3,16;3,16
29/11/2007;3,16;3,16
28/11/2007;3,17;3,17
27/11/2007;3,17;3,17
26/11/2007;3,16;3,17
23/11/2007;3,17;3,17
22/11/2007;3,17;3,17
21/11/2007;3,16;3,16
20/11/2007;3,16;3,16
19/11/2007;3,15;3,15
16/11/2007;3,15;3,16
15/11/2007;3,16;3,16
14/11/2007;3,16;3,16
13/11/2007;3,16;3,16
12/11/2007;3,16;3,16
09/11/2007;3,16;3,17
08/11/2007;3,16;3,16
07/11/2007;3,16;3,16
05/11/2007;3,16;3,17
02/11/2007;3,17;3,17
01/11/2007;3,18;3,19
31/10/2007;3,19;3,19
30/10/2007;3,19;3,19
29/10/2007;3,2;3,2
26/10/2007;3,21;3,22
25/10/2007;3,22;3,23
24/10/2007;3,23;3,23
23/10/2007;3,22;3,22
22/10/2007;3,21;3,21
19/10/2007;3,21;3,21
18/10/2007;3,22;3,23
17/10/2007;3,21;3,21
16/10/2007;3,2;3,2
15/10/2007;3,2;3,21
12/10/2007;3,2;3,21
11/10/2007;3,2;3,2
10/10/2007;3,2;3,2
09/10/2007;3,2;3,2
08/10/2007;3,19;3,19
05/10/2007;3,19;3,19
04/10/2007;3,2;3,2
03/10/2007;3,19;3,2
02/10/2007;3,19;3,19
01/10/2007;3,19;3,19
28/09/2007;3,19;3,2
27/09/2007;3,2;3,2
26/09/2007;3,19;3,2
25/09/2007;3,19;3,2
24/09/2007;3,19;3,19
21/09/2007;3,19;3,19
20/09/2007;3,2;3,2
19/09/2007;3,2;3,2
18/09/2007;3,2;3,2
17/09/2007;3,19;3,19
14/09/2007;3,2;3,2
13/09/2007;3,2;3,21
12/09/2007;3,21;3,21
11/09/2007;3,2;3,21
10/09/2007;3,2;3,21
07/09/2007;3,21;3,22
06/09/2007;3,21;3,22
05/09/2007;3,22;3,22
04/09/2007;3,22;3,22
03/09/2007;3,21;3,22
31/08/2007;3,22;3,22
30/08/2007;3,23;3,23
29/08/2007;3,24;3,24
28/08/2007;3,23;3,23
27/08/2007;3,23;3,23
24/08/2007;3,23;3,23
23/08/2007;3,23;3,23
22/08/2007;3,21;3,21
21/08/2007;3,2;3,2
17/08/2007;3,2;3,21
16/08/2007;3,22;3,22
15/08/2007;3,21;3,21
14/08/2007;3,19;3,2
13/08/2007;3,18;3,19
10/08/2007;3,19;3,2
09/08/2007;3,19;3,2
08/08/2007;3,18;3,18
07/08/2007;3,18;3,19
06/08/2007;3,18;3,19
03/08/2007;3,18;3,19
02/08/2007;3,18;3,18
01/08/2007;3,18;3,18
31/07/2007;3,17;3,17
30/07/2007;3,18;3,18
27/07/2007;3,17;3,18
26/07/2007;3,18;3,18
25/07/2007;3,2;3,21
24/07/2007;3,18;3,18
23/07/2007;3,15;3,15
20/07/2007;3,14;3,15
19/07/2007;3,14;3,14
18/07/2007;3,14;3,14
17/07/2007;3,13;3,14
16/07/2007;3,12;3,13
13/07/2007;3,12;3,12
12/07/2007;3,12;3,12
11/07/2007;3,11;3,12
10/07/2007;3,11;3,12
09/07/2007;3,12;3,12
06/07/2007;3,12;3,12
05/07/2007;3,12;3,12
04/07/2007;3,11;3,11
03/07/2007;3,1;3,1
02/07/2007;3,1;3,1
29/06/2007;3,1;3,11
28/06/2007;3,1;3,11
27/06/2007;3,11;3,12
26/06/2007;3,11;3,11
25/06/2007;3,1;3,1
22/06/2007;3,1;3,1
21/06/2007;3,1;3,1
20/06/2007;3,1;3,1
19/06/2007;3,1;3,1
15/06/2007;3,1;3,1
14/06/2007;3,1;3,1
13/06/2007;3,1;3,1
12/06/2007;3,1;3,1
11/06/2007;3,1;3,1
08/06/2007;3,1;3,1
07/06/2007;3,1;3,1
06/06/2007;3,1;3,1
05/06/2007;3,1;3,1
04/06/2007;3,1;3,11
01/06/2007;3,11;3,11
31/05/2007;3,11;3,11
30/05/2007;3,11;3,11
29/05/2007;3,11;3,11
28/05/2007;3,11;3,11
25/05/2007;3,11;3,11
24/05/2007;3,11;3,11
23/05/2007;3,11;3,11
22/05/2007;3,11;3,11
21/05/2007;3,11;3,12
18/05/2007;3,12;3,12
17/05/2007;3,12;3,12
16/05/2007;3,12;3,12
15/05/2007;3,12;3,12
14/05/2007;3,12;3,12
11/05/2007;3,11;3,12
10/05/2007;3,11;3,12
09/05/2007;3,11;3,12
08/05/2007;3,11;3,12
07/05/2007;3,11;3,11
04/05/2007;3,11;3,12
03/05/2007;3,12;3,12
02/05/2007;3,12;3,12
30/04/2007;3,12;3,12
27/04/2007;3,12;3,12
26/04/2007;3,12;3,12
25/04/2007;3,12;3,12
24/04/2007;3,12;3,12
23/04/2007;3,12;3,12
20/04/2007;3,12;3,13
19/04/2007;3,13;3,13
18/04/2007;3,12;3,12
17/04/2007;3,12;3,12
16/04/2007;3,13;3,13
13/04/2007;3,12;3,12
12/04/2007;3,12;3,12
11/04/2007;3,11;3,12
10/04/2007;3,11;3,12
09/04/2007;3,11;3,11
05/04/2007;3,11;3,11
04/04/2007;3,11;3,11
03/04/2007;3,11;3,11
30/03/2007;3,12;3,12
29/03/2007;3,13;3,13
28/03/2007;3,13;3,14
27/03/2007;3,13;3,13
26/03/2007;3,12;3,12
23/03/2007;3,12;3,12
22/03/2007;3,12;3,12
21/03/2007;3,12;3,12
20/03/2007;3,12;3,12
19/03/2007;3,12;3,12
16/03/2007;3,12;3,12
15/03/2007;3,12;3,13
14/03/2007;3,11;3,12
13/03/2007;3,11;3,12
12/03/2007;3,12;3,12
09/03/2007;3,12;3,13
08/03/2007;3,12;3,12
07/03/2007;3,12;3,12
06/03/2007;3,12;3,12
05/03/2007;3,11;3,11
02/03/2007;3,11;3,11
01/03/2007;3,11;3,11
28/02/2007;3,11;3,11
27/02/2007;3,12;3,12
26/02/2007;3,12;3,12
23/02/2007;3,12;3,12
22/02/2007;3,12;3,12
21/02/2007;3,12;3,13
20/02/2007;3,12;3,12
19/02/2007;3,11;3,12
16/02/2007;3,11;3,11
15/02/2007;3,11;3,12
14/02/2007;3,11;3,11
13/02/2007;3,11;3,11
12/02/2007;3,11;3,11
09/02/2007;3,11;3,11
08/02/2007;3,11;3,12
07/02/2007;3,12;3,12
06/02/2007;3,12;3,12
05/02/2007;3,12;3,13
02/02/2007;3,12;3,12
01/02/2007;3,12;3,12
31/01/2007;3,12;3,12
30/01/2007;3,12;3,12
29/01/2007;3,11;3,12
26/01/2007;3,12;3,13
25/01/2007;3,12;3,12
24/01/2007;3,11;3,12
23/01/2007;3,11;3,11
22/01/2007;3,11;3,11
19/01/2007;3,11;3,11
18/01/2007;3,11;3,11
17/01/2007;3,1;3,11
16/01/2007;3,1;3,11
15/01/2007;3,1;3,11
12/01/2007;3,1;3,1
11/01/2007;3,1;3,1
10/01/2007;3,1;3,1
09/01/2007;3,1;3,1
08/01/2007;3,1;3,1
05/01/2007;3,1;3,1
04/01/2007;3,1;3,1
03/01/2007;3,09;3,09
02/01/2007;3,09;3,09
29/12/2006;3,09;3,09
28/12/2006;3,09;3,09
27/12/2006;3,09;3,09
26/12/2006;3,09;3,09
22/12/2006;3,07;3,07
21/12/2006;3,07;3,07
20/12/2006;3,07;3,08
19/12/2006;3,08;3,08
18/12/2006;3,08;3,08
15/12/2006;3,09;3,09
14/12/2006;3,09;3,09
13/12/2006;3,07;3,07
12/12/2006;3,07;3,07
11/12/2006;3,07;3,07
07/12/2006;3,07;3,07
06/12/2006;3,06;3,07
05/12/2006;3,06;3,06
04/12/2006;3,07;3,07
01/12/2006;3,08;3,09
30/11/2006;3,09;3,09
29/11/2006;3,1;3,1
28/11/2006;3,1;3,1
27/11/2006;3,1;3,1
24/11/2006;3,1;3,1
23/11/2006;3,1;3,1
22/11/2006;3,09;3,09
21/11/2006;3,09;3,1
20/11/2006;3,09;3,1
17/11/2006;3,1;3,1
16/11/2006;3,09;3,1
15/11/2006;3,09;3,1
14/11/2006;3,09;3,1
13/11/2006;3,1;3,1
10/11/2006;3,09;3,09
09/11/2006;3,1;3,1
08/11/2006;3,09;3,09
07/11/2006;3,08;3,08
06/11/2006;3,1;3,11
03/11/2006;3,1;3,11
02/11/2006;3,11;3,11
01/11/2006;3,1;3,11
31/10/2006;3,11;3,11
30/10/2006;3,12;3,12
27/10/2006;3,12;3,12
26/10/2006;3,13;3,13
25/10/2006;3,13;3,13
24/10/2006;3,12;3,12
23/10/2006;3,12;3,12
20/10/2006;3,12;3,13
19/10/2006;3,12;3,12
18/10/2006;3,12;3,12
17/10/2006;3,12;3,12
13/10/2006;3,13;3,13
12/10/2006;3,13;3,13
11/10/2006;3,12;3,13
10/10/2006;3,12;3,12
09/10/2006;3,12;3,12
06/10/2006;3,12;3,12
05/10/2006;3,12;3,12
04/10/2006;3,12;3,12
03/10/2006;3,12;3,12
02/10/2006;3,12;3,12
29/09/2006;3,12;3,12
28/09/2006;3,12;3,12
27/09/2006;3,12;3,12
26/09/2006;3,12;3,12
25/09/2006;3,13;3,13
22/09/2006;3,12;3,13
21/09/2006;3,13;3,13
20/09/2006;3,12;3,12
19/09/2006;3,11;3,12
18/09/2006;3,11;3,12
15/09/2006;3,11;3,11
14/09/2006;3,12;3,12
13/09/2006;3,11;3,11
12/09/2006;3,1;3,11
11/09/2006;3,1;3,1
08/09/2006;3,1;3,1
07/09/2006;3,1;3,11
06/09/2006;3,1;3,11
05/09/2006;3,1;3,1
04/09/2006;3,1;3,1
01/09/2006;3,1;3,1
31/08/2006;3,1;3,1
30/08/2006;3,1;3,1
29/08/2006;3,1;3,1
28/08/2006;3,1;3,1
25/08/2006;3,1;3,1
24/08/2006;3,09;3,09
23/08/2006;3,09;3,09
22/08/2006;3,09;3,09
18/08/2006;3,09;3,1
17/08/2006;3,1;3,1
16/08/2006;3,1;3,1
15/08/2006;3,1;3,1
14/08/2006;3,09;3,09
11/08/2006;3,09;3,09
10/08/2006;3,09;3,1
09/08/2006;3,09;3,1
07/08/2006;3,09;3,1
04/08/2006;3,1;3,1
03/08/2006;3,1;3,1
02/08/2006;3,1;3,1
01/08/2006;3,1;3,1
31/07/2006;3,1;3,11
28/07/2006;3,1;3,11
27/07/2006;3,1;3,11
26/07/2006;3,1;3,1
25/07/2006;3,1;3,1
24/07/2006;3,1;3,1
21/07/2006;3,11;3,11
20/07/2006;3,11;3,11
19/07/2006;3,11;3,11
18/07/2006;3,11;3,11
17/07/2006;3,11;3,11
14/07/2006;3,11;3,11
13/07/2006;3,11;3,11
12/07/2006;3,1;3,1
11/07/2006;3,1;3,1
10/07/2006;3,09;3,09
07/07/2006;3,1;3,1
06/07/2006;3,1;3,1
04/07/2006;3,09;3,09
03/07/2006;3,09;3,09
30/06/2006;3,1;3,1
29/06/2006;3,1;3,11
28/06/2006;3,1;3,11
27/06/2006;3,1;3,1
26/06/2006;3,1;3,1
23/06/2006;3,09;3,1
22/06/2006;3,09;3,1
21/06/2006;3,09;3,09
20/06/2006;3,09;3,1
19/06/2006;3,1;3,1
16/06/2006;3,1;3,1
15/06/2006;3,1;3,1
14/06/2006;3,1;3,1
13/06/2006;3,1;3,1
12/06/2006;3,1;3,1
09/06/2006;3,1;3,1
08/06/2006;3,1;3,1
07/06/2006;3,09;3,1
06/06/2006;3,09;3,09
05/06/2006;3,09;3,1
02/06/2006;3,1;3,1
01/06/2006;3,09;3,09
31/05/2006;3,09;3,1
30/05/2006;3,08;3,08
29/05/2006;3,08;3,08
26/05/2006;3,08;3,09
24/05/2006;3,09;3,09
23/05/2006;3,08;3,08
22/05/2006;3,08;3,08
19/05/2006;3,07;3,07
18/05/2006;3,07;3,08
17/05/2006;3,07;3,07
16/05/2006;3,06;3,06
15/05/2006;3,06;3,06
12/05/2006;3,06;3,07
11/05/2006;3,06;3,07
10/05/2006;3,06;3,06
09/05/2006;3,06;3,06
08/05/2006;3,05;3,05
05/05/2006;3,06;3,06
04/05/2006;3,05;3,05
03/05/2006;3,05;3,05
02/05/2006;3,06;3,06
28/04/2006;3,06;3,06
27/04/2006;3,06;3,06
26/04/2006;3,06;3,07
25/04/2006;3,06;3,07
24/04/2006;3,07;3,08
21/04/2006;3,08;3,09
20/04/2006;3,09;3,09
19/04/2006;3,08;3,09
18/04/2006;3,09;3,09
17/04/2006;3,09;3,09
13/04/2006;3,09;3,09
12/04/2006;3,09;3,09
11/04/2006;3,1;3,1
10/04/2006;3,09;3,09
07/04/2006;3,1;3,1
06/04/2006;3,1;3,1
05/04/2006;3,09;3,1
04/04/2006;3,09;3,09
03/04/2006;3,09;3,09
30/03/2006;3,09;3,1
29/03/2006;3,09;3,09
28/03/2006;3,09;3,1
27/03/2006;3,1;3,1
23/03/2006;3,1;3,1
22/03/2006;3,09;3,1
21/03/2006;3,08;3,09
20/03/2006;3,09;3,09
17/03/2006;3,09;3,09
16/03/2006;3,09;3,09
15/03/2006;3,08;3,09
14/03/2006;3,08;3,09
13/03/2006;3,08;3,08
10/03/2006;3,08;3,08
09/03/2006;3,08;3,08
08/03/2006;3,08;3,08
07/03/2006;3,08;3,08
06/03/2006;3,08;3,08
03/03/2006;3,08;3,08
02/03/2006;3,08;3,08
01/03/2006;3,07;3,07
28/02/2006;3,07;3,08
27/02/2006;3,08;3,08
24/02/2006;3,08;3,09
23/02/2006;3,09;3,09
22/02/2006;3,09;3,09
21/02/2006;3,08;3,08
20/02/2006;3,08;3,08
17/02/2006;3,09;3,09
16/02/2006;3,09;3,09
15/02/2006;3,08;3,09
14/02/2006;3,08;3,09
13/02/2006;3,09;3,09
09/02/2006;3,08;3,09
08/02/2006;3,08;3,08
07/02/2006;3,08;3,08
06/02/2006;3,08;3,08
03/02/2006;3,08;3,08
02/02/2006;3,07;3,08
01/02/2006;3,08;3,08
31/01/2006;3,07;3,07
30/01/2006;3,07;3,08
27/01/2006;3,07;3,07
26/01/2006;3,08;3,08
25/01/2006;3,07;3,08
24/01/2006;3,07;3,07
23/01/2006;3,07;3,07
20/01/2006;3,07;3,08
19/01/2006;3,08;3,08
18/01/2006;3,08;3,08
17/01/2006;3,07;3,07
16/01/2006;3,07;3,07
13/01/2006;3,08;3,08
12/01/2006;3,07;3,07
11/01/2006;3,07;3,08
10/01/2006;3,08;3,08
09/01/2006;3,08;3,09
06/01/2006;3,07;3,08
05/01/2006;3,07;3,07
04/01/2006;3,06;3,06
03/01/2006;3,05;3,05
02/01/2006;3,05;3,05
30/12/2005;3,05;3,05
29/12/2005;3,04;3,05
28/12/2005;3,06;3,06
27/12/2005;3,07;3,07
26/12/2005;3,04;3,05
23/12/2005;3,04;3,05
22/12/2005;3,04;3,05
21/12/2005;3,04;3,04
20/12/2005;3,03;3,04
19/12/2005;3,03;3,03
16/12/2005;3,03;3,04
15/12/2005;3,01;3,02
14/12/2005;3,01;3,01
13/12/2005;3;3
12/12/2005;3;3
09/12/2005;2,99;2,99
07/12/2005;2,99;2,99
06/12/2005;2,98;2,99
05/12/2005;2,99;2,99
02/12/2005;2,98;2,98
01/12/2005;2,98;2,98
30/11/2005;2,98;2,98
29/11/2005;2,99;2,99
28/11/2005;3;3
25/11/2005;2,99;2,99
24/11/2005;2,98;2,98
23/11/2005;2,98;2,98
22/11/2005;2,97;2,97
21/11/2005;2,97;2,97
18/11/2005;2,97;2,98
17/11/2005;2,98;2,98
16/11/2005;2,98;2,98
15/11/2005;2,98;2,98
14/11/2005;2,98;2,98
11/11/2005;2,98;2,99
10/11/2005;2,99;2,99
09/11/2005;2,98;2,99
08/11/2005;2,98;2,99
07/11/2005;2,98;2,99
04/11/2005;2,99;2,99
03/11/2005;2,98;2,99
02/11/2005;2,98;2,98
01/11/2005;2,99;3
31/10/2005;3;3
28/10/2005;3,01;3,02
27/10/2005;3,02;3,02
26/10/2005;3;3
25/10/2005;2,98;2,99
24/10/2005;2,97;2,97
21/10/2005;2,98;2,98
20/10/2005;2,98;2,98
19/10/2005;2,97;2,97
18/10/2005;2,97;2,97
17/10/2005;2,96;2,96
14/10/2005;2,96;2,96
13/10/2005;2,97;2,97
12/10/2005;2,94;2,94
11/10/2005;2,92;2,92
07/10/2005;2,91;2,92
06/10/2005;2,92;2,93
05/10/2005;2,91;2,91
04/10/2005;2,9;2,91
03/10/2005;2,9;2,9