Time;EMBI
11/12/1998;720
14/12/1998;766
15/12/1998;734
16/12/1998;760
17/12/1998;758
18/12/1998;761
21/12/1998;720
22/12/1998;696
23/12/1998;682
24/12/1998;682
25/12/1998;684
28/12/1998;704
29/12/1998;709
30/12/1998;696
31/12/1998;700
01/01/1999;698
04/01/1999;672
05/01/1999;640
06/01/1999;647
07/01/1999;653
08/01/1999;655
11/01/1999;696
12/01/1999;771
13/01/1999;1026
14/01/1999;1097
15/01/1999;870
18/01/1999;841
19/01/1999;842
20/01/1999;830
21/01/1999;932
22/01/1999;937
01/02/1999;790
02/02/1999;769
03/02/1999;772
04/02/1999;777
05/02/1999;784
08/02/1999;810
09/02/1999;815
10/02/1999;795
11/02/1999;759
12/02/1999;742
15/02/1999;751
16/02/1999;724
17/02/1999;747
18/02/1999;753
19/02/1999;747
22/02/1999;762
23/02/1999;766
24/02/1999;767
25/02/1999;775
26/02/1999;786
01/03/1999;766
02/03/1999;799
03/03/1999;780
04/03/1999;748
05/03/1999;744
08/03/1999;742
09/03/1999;738
10/03/1999;716
11/03/1999;719
12/03/1999;709
15/03/1999;687
16/03/1999;700
17/03/1999;697
18/03/1999;689
19/03/1999;683
22/03/1999;682
23/03/1999;704
24/03/1999;698
25/03/1999;687
26/03/1999;689
29/03/1999;693
30/03/1999;696
31/03/1999;683
01/04/1999;661
02/04/1999;672
05/04/1999;660
06/04/1999;669
07/04/1999;643
08/04/1999;641
09/04/1999;641
12/04/1999;615
13/04/1999;611
14/04/1999;621
15/04/1999;623
16/04/1999;597
19/04/1999;612
20/04/1999;608
21/04/1999;597
22/04/1999;603
23/04/1999;622
26/04/1999;607
27/04/1999;615
28/04/1999;635
29/04/1999;621
30/04/1999;589
03/05/1999;585
04/05/1999;587
05/05/1999;591
06/05/1999;586
07/05/1999;576
10/05/1999;581
11/05/1999;610
12/05/1999;613
13/05/1999;623
14/05/1999;620
17/05/1999;657
18/05/1999;658
19/05/1999;718
20/05/1999;746
21/05/1999;775
24/05/1999;820
25/05/1999;806
26/05/1999;734
27/05/1999;783
28/05/1999;778
01/06/1999;790
02/06/1999;776
03/06/1999;770
04/06/1999;751
07/06/1999;738
08/06/1999;743
09/06/1999;750
10/06/1999;753
11/06/1999;768
14/06/1999;764
15/06/1999;754
16/06/1999;723
17/06/1999;729
18/06/1999;735
21/06/1999;726
22/06/1999;749
23/06/1999;732
24/06/1999;733
25/06/1999;745
28/06/1999;770
29/06/1999;761
30/06/1999;760
01/07/1999;777
02/07/1999;778
05/07/1999;779
06/07/1999;781
07/07/1999;789
08/07/1999;847
09/07/1999;890
12/07/1999;947
13/07/1999;923
14/07/1999;870
15/07/1999;890
16/07/1999;879
19/07/1999;868
20/07/1999;882
21/07/1999;888
22/07/1999;873
23/07/1999;885
26/07/1999;896
27/07/1999;887
28/07/1999;873
29/07/1999;856
30/07/1999;848
02/08/1999;874
03/08/1999;894
04/08/1999;907
05/08/1999;909
06/08/1999;905
09/08/1999;901
10/08/1999;900
11/08/1999;886
12/08/1999;853
13/08/1999;840
16/08/1999;833
17/08/1999;808
18/08/1999;837
19/08/1999;853
20/08/1999;852
23/08/1999;845
24/08/1999;845
25/08/1999;812
26/08/1999;811
27/08/1999;789
30/08/1999;786
31/08/1999;764
01/09/1999;763
02/09/1999;769
03/09/1999;765
06/09/1999;759
07/09/1999;739
08/09/1999;734
09/09/1999;706
10/09/1999;684
13/09/1999;689
14/09/1999;691
15/09/1999;704
16/09/1999;714
17/09/1999;701
20/09/1999;687
21/09/1999;705
22/09/1999;700
23/09/1999;694
24/09/1999;693
27/09/1999;680
28/09/1999;681
29/09/1999;669
30/09/1999;677
01/10/1999;668
04/10/1999;653
05/10/1999;658
06/10/1999;645
07/10/1999;642
08/10/1999;645
11/10/1999;644
12/10/1999;669
13/10/1999;677
14/10/1999;672
15/10/1999;696
18/10/1999;688
19/10/1999;671
20/10/1999;662
21/10/1999;639
22/10/1999;613
25/10/1999;620
26/10/1999;607
27/10/1999;621
28/10/1999;564
29/10/1999;635
01/11/1999;628
02/11/1999;629
03/11/1999;633
04/11/1999;618
05/11/1999;622
08/11/1999;615
09/11/1999;614
10/11/1999;617
11/11/1999;616
12/11/1999;617
15/11/1999;628
16/11/1999;620
17/11/1999;647
18/11/1999;642
19/11/1999;667
22/11/1999;652
23/11/1999;645
24/11/1999;641
25/11/1999;631
26/11/1999;641
29/11/1999;630
30/11/1999;657
01/12/1999;656
02/12/1999;646
03/12/1999;629
06/12/1999;633
07/12/1999;618
08/12/1999;620
09/12/1999;615
10/12/1999;607
13/12/1999;584
14/12/1999;580
15/12/1999;567
16/12/1999;570
17/12/1999;566
20/12/1999;570
21/12/1999;543
22/12/1999;547
23/12/1999;545
24/12/1999;546
27/12/1999;549
28/12/1999;544
29/12/1999;542
30/12/1999;544
31/12/1999;531
03/01/2000;509
04/01/2000;558
05/01/2000;540
06/01/2000;566
07/01/2000;558
10/01/2000;558
11/01/2000;560
12/01/2000;561
13/01/2000;551
14/01/2000;545
18/01/2000;540
19/01/2000;546
20/01/2000;548
21/01/2000;545
24/01/2000;558
25/01/2000;561
26/01/2000;567
27/01/2000;571
28/01/2000;592
31/01/2000;593
01/02/2000;583
02/02/2000;588
03/02/2000;595
04/02/2000;569
07/02/2000;547
08/02/2000;549
09/02/2000;549
10/02/2000;544
11/02/2000;551
14/02/2000;553
15/02/2000;548
16/02/2000;551
17/02/2000;550
18/02/2000;563
22/02/2000;581
23/02/2000;562
24/02/2000;568
25/02/2000;560
28/02/2000;548
29/02/2000;545
01/03/2000;550
02/03/2000;531
03/03/2000;524
06/03/2000;530
07/03/2000;530
08/03/2000;528
09/03/2000;527
10/03/2000;526
13/03/2000;537
14/03/2000;541
15/03/2000;548
16/03/2000;547
17/03/2000;542
20/03/2000;540
21/03/2000;539
22/03/2000;535
23/03/2000;536
24/03/2000;524
27/03/2000;522
28/03/2000;535
29/03/2000;545
30/03/2000;570
31/03/2000;570
03/04/2000;579
04/04/2000;595
05/04/2000;601
06/04/2000;592
07/04/2000;594
10/04/2000;607
11/04/2000;601
12/04/2000;599
13/04/2000;602
14/04/2000;618
17/04/2000;598
18/04/2000;578
19/04/2000;595
20/04/2000;596
21/04/2000;598
25/04/2000;567
26/04/2000;573
27/04/2000;570
28/04/2000;570
01/05/2000;560
02/05/2000;568
03/05/2000;578
04/05/2000;588
05/05/2000;600
08/05/2000;605
09/05/2000;629
10/05/2000;672
11/05/2000;695
12/05/2000;712
15/05/2000;718
16/05/2000;711
17/05/2000;712
18/05/2000;713
19/05/2000;757
22/05/2000;762
23/05/2000;770
24/05/2000;727
25/05/2000;731
26/05/2000;725
29/05/2000;719
30/05/2000;690
31/05/2000;703
01/06/2000;689
02/06/2000;646
05/06/2000;656
06/06/2000;679
07/06/2000;672
08/06/2000;667
09/06/2000;662
12/06/2000;668
13/06/2000;651
14/06/2000;645
15/06/2000;657
16/06/2000;663
19/06/2000;659
20/06/2000;661
21/06/2000;652
22/06/2000;680
23/06/2000;685
26/06/2000;691
27/06/2000;686
28/06/2000;679
29/06/2000;688
30/06/2000;687
03/07/2000;670
04/07/2000;672
05/07/2000;658
06/07/2000;647
07/07/2000;652
10/07/2000;651
11/07/2000;652
12/07/2000;636
13/07/2000;632
14/07/2000;621
17/07/2000;620
18/07/2000;630
19/07/2000;637
20/07/2000;644
21/07/2000;642
24/07/2000;639
25/07/2000;639
26/07/2000;644
27/07/2000;652
28/07/2000;654
31/07/2000;650
01/08/2000;665
02/08/2000;669
03/08/2000;665
04/08/2000;662
07/08/2000;664
08/08/2000;674
09/08/2000;655
10/08/2000;668
11/08/2000;658
14/08/2000;660
15/08/2000;686
16/08/2000;684
17/08/2000;696
18/08/2000;717
21/08/2000;726
22/08/2000;710
23/08/2000;716
24/08/2000;713
25/08/2000;701
28/08/2000;701
29/08/2000;701
30/08/2000;691
31/08/2000;686
01/09/2000;669
05/09/2000;674
06/09/2000;654
07/09/2000;664
08/09/2000;667
11/09/2000;673
12/09/2000;684
13/09/2000;682
14/09/2000;674
15/09/2000;677
18/09/2000;690
19/09/2000;696
20/09/2000;694
21/09/2000;702
22/09/2000;682
25/09/2000;686
26/09/2000;690
27/09/2000;681
28/09/2000;668
29/09/2000;673
02/10/2000;675
03/10/2000;663
04/10/2000;655
05/10/2000;658
06/10/2000;685
09/10/2000;686
10/10/2000;692
11/10/2000;695
12/10/2000;719
13/10/2000;733
16/10/2000;736
17/10/2000;774
18/10/2000;787
19/10/2000;776
20/10/2000;820
23/10/2000;828
24/10/2000;850
25/10/2000;894
26/10/2000;846
27/10/2000;832
30/10/2000;833
31/10/2000;816
01/11/2000;826
02/11/2000;839
03/11/2000;886
06/11/2000;910
07/11/2000;915
08/11/2000;992
09/11/2000;943
10/11/2000;868
13/11/2000;847
14/11/2000;826
15/11/2000;803
16/11/2000;834
17/11/2000;841
20/11/2000;813
21/11/2000;823
22/11/2000;845
23/11/2000;863
24/11/2000;840
27/11/2000;852
28/11/2000;865
29/11/2000;848
30/11/2000;855
01/12/2000;848
04/12/2000;845
05/12/2000;841
06/12/2000;833
07/12/2000;822
08/12/2000;812
11/12/2000;794
12/12/2000;810
13/12/2000;824
14/12/2000;830
15/12/2000;813
18/12/2000;805
19/12/2000;777
20/12/2000;790
21/12/2000;791
22/12/2000;779
26/12/2000;772
27/12/2000;769
28/12/2000;765
29/12/2000;766
02/01/2001;792
03/01/2001;728
04/01/2001;727
05/01/2001;740
08/01/2001;737
09/01/2001;720
10/01/2001;712
11/01/2001;706
12/01/2001;695
15/01/2001;696
16/01/2001;701
17/01/2001;691
18/01/2001;696
19/01/2001;700
22/01/2001;691
23/01/2001;678
24/01/2001;676
25/01/2001;683
26/01/2001;672
29/01/2001;654
30/01/2001;664
31/01/2001;670
01/02/2001;660
02/02/2001;658
05/02/2001;665
06/02/2001;675
07/02/2001;678
08/02/2001;682
09/02/2001;683
12/02/2001;690
13/02/2001;684
14/02/2001;676
15/02/2001;676
16/02/2001;698
19/02/2001;698
20/02/2001;720
21/02/2001;739
22/02/2001;732
23/02/2001;741
26/02/2001;759
27/02/2001;796
28/02/2001;793
01/03/2001;789
02/03/2001;767
05/03/2001;725
06/03/2001;725
07/03/2001;733
08/03/2001;761
09/03/2001;736
12/03/2001;769
13/03/2001;777
14/03/2001;798
15/03/2001;837
16/03/2001;850
19/03/2001;898
20/03/2001;886
21/03/2001;898
22/03/2001;964
23/03/2001;984
26/03/2001;928
27/03/2001;899
28/03/2001;898
29/03/2001;918
30/03/2001;945
02/04/2001;944
03/04/2001;946
04/04/2001;939
05/04/2001;916
06/04/2001;897
09/04/2001;862
10/04/2001;831
11/04/2001;852
12/04/2001;857
16/04/2001;899
17/04/2001;889
18/04/2001;896
19/04/2001;937
20/04/2001;1046
23/04/2001;1284
24/04/2001;1195
25/04/2001;1147
26/04/2001;1076
27/04/2001;1000
30/04/2001;1042
01/05/2001;1070
02/05/2001;1091
03/05/2001;1057
04/05/2001;1031
07/05/2001;975
08/05/2001;990
09/05/2001;1008
10/05/2001;989
11/05/2001;1048
14/05/2001;1093
15/05/2001;1056
16/05/2001;1007
17/05/2001;991
18/05/2001;958
21/05/2001;930
22/05/2001;924
23/05/2001;933
24/05/2001;921
25/05/2001;921
28/05/2001;921
29/05/2001;925
30/05/2001;969
31/05/2001;981
01/06/2001;1019
04/06/2001;955
05/06/2001;913
06/06/2001;911
07/06/2001;889
08/06/2001;879
11/06/2001;883
12/06/2001;910
13/06/2001;922
14/06/2001;937
15/06/2001;927
18/06/2001;1000
19/06/2001;986
20/06/2001;975
21/06/2001;971
22/06/2001;990
25/06/2001;974
26/06/2001;982
27/06/2001;999
28/06/2001;1009
29/06/2001;1025
02/07/2001;1062
03/07/2001;1079
04/07/2001;1094
05/07/2001;1165
06/07/2001;1132
09/07/2001;1158
10/07/2001;1217
11/07/2001;1290
12/07/2001;1519
13/07/2001;1616
16/07/2001;1629
17/07/2001;1439
18/07/2001;1537
19/07/2001;1593
20/07/2001;1488
23/07/2001;1377
24/07/2001;1415
25/07/2001;1390
26/07/2001;1510
27/07/2001;1612
30/07/2001;1571
31/07/2001;1604
01/08/2001;1688
02/08/2001;1601
03/08/2001;1557
06/08/2001;1610
07/08/2001;1572
08/08/2001;1490
09/08/2001;1466
10/08/2001;1392
13/08/2001;1424
14/08/2001;1501
15/08/2001;1453
16/08/2001;1393
17/08/2001;1502
20/08/2001;1555
21/08/2001;1651
22/08/2001;1450
23/08/2001;1427
24/08/2001;1443
27/08/2001;1457
28/08/2001;1414
29/08/2001;1386
30/08/2001;1405
31/08/2001;1408
03/09/2001;1408
04/09/2001;1391
05/09/2001;1392
06/09/2001;1455
07/09/2001;1489
10/09/2001;1486
11/09/2001;1478
12/09/2001;1478
13/09/2001;1478
14/09/2001;1478
17/09/2001;1652
18/09/2001;1618
19/09/2001;1592
20/09/2001;1612
21/09/2001;1637
24/09/2001;1612
25/09/2001;1602
26/09/2001;1639
27/09/2001;1647
28/09/2001;1595
01/10/2001;1661
02/10/2001;1687
03/10/2001;1754
04/10/2001;1842
05/10/2001;1868
08/10/2001;1876
09/10/2001;1893
10/10/2001;1859
11/10/2001;1825
12/10/2001;1832
15/10/2001;1824
16/10/2001;1770
17/10/2001;1686
18/10/2001;1727
19/10/2001;1693
22/10/2001;1670
23/10/2001;1700
24/10/2001;1727
25/10/2001;1769
26/10/2001;1824
29/10/2001;2003
30/10/2001;2032
31/10/2001;2136
01/11/2001;2295
02/11/2001;2441
05/11/2001;2458
06/11/2001;2363
07/11/2001;2354
08/11/2001;2351
09/11/2001;2438
12/11/2001;2504
13/11/2001;2542
14/11/2001;2664
15/11/2001;2683
16/11/2001;2764
19/11/2001;2966
20/11/2001;3071
21/11/2001;3026
22/11/2001;3028
23/11/2001;2961
26/11/2001;2772
27/11/2001;2910
28/11/2001;2952
29/11/2001;3242
30/11/2001;3340
03/12/2001;3196
04/12/2001;4040
05/12/2001;4020
06/12/2001;3988
07/12/2001;4149
10/12/2001;4220
11/12/2001;4162
12/12/2001;4044
13/12/2001;4059
14/12/2001;4160
17/12/2001;4127
18/12/2001;4125
19/12/2001;4212
20/12/2001;4449
21/12/2001;4722
24/12/2001;5083
25/12/2001;5495
26/12/2001;5470
27/12/2001;5464
28/12/2001;5172
31/12/2001;4404
02/01/2002;4376
03/01/2002;4128
04/01/2002;3983
07/01/2002;3975
08/01/2002;4050
09/01/2002;4460
10/01/2002;4484
11/01/2002;4542
14/01/2002;4556
15/01/2002;4626
16/01/2002;4531
17/01/2002;4581
18/01/2002;4656
21/01/2002;4553
22/01/2002;4454
23/01/2002;4287
24/01/2002;4210
25/01/2002;4156
28/01/2002;4101
29/01/2002;4123
30/01/2002;4129
31/01/2002;4352
01/02/2002;4497
04/02/2002;4581
05/02/2002;4457
06/02/2002;4471
07/02/2002;4511
08/02/2002;4412
11/02/2002;4350
12/02/2002;4235
13/02/2002;4100
14/02/2002;4013
15/02/2002;3943
18/02/2002;4026
19/02/2002;3987
20/02/2002;3992
21/02/2002;4092
22/02/2002;4171
25/02/2002;4087
26/02/2002;4112
27/02/2002;4123
28/02/2002;4098
01/03/2002;4170
04/03/2002;4144
05/03/2002;4222
06/03/2002;4305
07/03/2002;4286
08/03/2002;4407
11/03/2002;4479
12/03/2002;4505
13/03/2002;4656
14/03/2002;4830
15/03/2002;4943
18/03/2002;5155
19/03/2002;5030
20/03/2002;4972
21/03/2002;4958
22/03/2002;5089
25/03/2002;5223
26/03/2002;5291
27/03/2002;5024
28/03/2002;5013
29/03/2002;5043
01/04/2002;5018
02/04/2002;5021
03/04/2002;5010
04/04/2002;5006
05/04/2002;4815
08/04/2002;4861
09/04/2002;4886
10/04/2002;4936
11/04/2002;4855
12/04/2002;4803
15/04/2002;4615
16/04/2002;4588
17/04/2002;4443
18/04/2002;4648
19/04/2002;4569
22/04/2002;4935
23/04/2002;4965
24/04/2002;4885
25/04/2002;4865
26/04/2002;4938
29/04/2002;4896
30/04/2002;4831
01/05/2002;4772
02/05/2002;4828
03/05/2002;4801
06/05/2002;4897
07/05/2002;4904
08/05/2002;4998
09/05/2002;5094
10/05/2002;5195
13/05/2002;5131
14/05/2002;5153
15/05/2002;5192
16/05/2002;5205
17/05/2002;5254
20/05/2002;5378
21/05/2002;5605
22/05/2002;5808
23/05/2002;5948
24/05/2002;5937
27/05/2002;5720
28/05/2002;6027
29/05/2002;6085
30/05/2002;5900
31/05/2002;6123
03/06/2002;5916
04/06/2002;5963
05/06/2002;6037
06/06/2002;6073
07/06/2002;6098
10/06/2002;6075
11/06/2002;6151
12/06/2002;6146
13/06/2002;6161
14/06/2002;6366
17/06/2002;5944
18/06/2002;5942
19/06/2002;6122
20/06/2002;6062
21/06/2002;6162
24/06/2002;6362
25/06/2002;6566
26/06/2002;6913
27/06/2002;6802
28/06/2002;6791
01/07/2002;7030
02/07/2002;7149
03/07/2002;7199
04/07/2002;7198
05/07/2002;7155
08/07/2002;7026
09/07/2002;6860
10/07/2002;6683
11/07/2002;6839
12/07/2002;6783
15/07/2002;6742
16/07/2002;6631
17/07/2002;6610
18/07/2002;6762
19/07/2002;6636
22/07/2002;6814
23/07/2002;6593
24/07/2002;6907
25/07/2002;7056
26/07/2002;6763
29/07/2002;6634
30/07/2002;6711
31/07/2002;6952
01/08/2002;7048
02/08/2002;7075
05/08/2002;7136
06/08/2002;7040
07/08/2002;7222
08/08/2002;7064
09/08/2002;6955
12/08/2002;6938
13/08/2002;7008
14/08/2002;7038
15/08/2002;6842
16/08/2002;6597
19/08/2002;6684
20/08/2002;6619
21/08/2002;6495
22/08/2002;6340
23/08/2002;6184
26/08/2002;6098
27/08/2002;6138
28/08/2002;6558
29/08/2002;6398
30/08/2002;6435
02/09/2002;6432
03/09/2002;6226
04/09/2002;6265
05/09/2002;6054
06/09/2002;6046
09/09/2002;6113
10/09/2002;6190
11/09/2002;6181
12/09/2002;6181
13/09/2002;6259
16/09/2002;6305
17/09/2002;6355
18/09/2002;6404
19/09/2002;6545
20/09/2002;6722
23/09/2002;6884
24/09/2002;6883
25/09/2002;6321
26/09/2002;6336
27/09/2002;6540
30/09/2002;6606
01/10/2002;6542
02/10/2002;6438
03/10/2002;6396
04/10/2002;6493
07/10/2002;6517
08/10/2002;6598
09/10/2002;6635
10/10/2002;6570
11/10/2002;6469
14/10/2002;6507
15/10/2002;6383
16/10/2002;6511
17/10/2002;6499
18/10/2002;6423
21/10/2002;6362
22/10/2002;6346
23/10/2002;6328
24/10/2002;6218
25/10/2002;6217
28/10/2002;6205
29/10/2002;6161
30/10/2002;6171
31/10/2002;6412
01/11/2002;6060
04/11/2002;6072
05/11/2002;6118
06/11/2002;6103
07/11/2002;6122
08/11/2002;6081
11/11/2002;6081
12/11/2002;6147
13/11/2002;6145
14/11/2002;6127
15/11/2002;6164
18/11/2002;6226
19/11/2002;6211
20/11/2002;6114
21/11/2002;6286
22/11/2002;6597
25/11/2002;6231
26/11/2002;6398
27/11/2002;6174
28/11/2002;6227
29/11/2002;6192
02/12/2002;6263
03/12/2002;6245
04/12/2002;6288
05/12/2002;6448
06/12/2002;6456
09/12/2002;6275
10/12/2002;6265
11/12/2002;6253
12/12/2002;6313
13/12/2002;6234
16/12/2002;6279
17/12/2002;5967
18/12/2002;6114
19/12/2002;6128
20/12/2002;6128
23/12/2002;6182
24/12/2002;6213
26/12/2002;6262
27/12/2002;6331
30/12/2002;6314
31/12/2002;6303
02/01/2003;6268
03/01/2003;6352
06/01/2003;6114
07/01/2003;6020
08/01/2003;6002
09/01/2003;5930
10/01/2003;6000
13/01/2003;5975
14/01/2003;5980
16/01/2003;5996
17/01/2003;6095
20/01/2003;6095
21/01/2003;6074
22/01/2003;6178
23/01/2003;6178
24/01/2003;6217
27/01/2003;6165
28/01/2003;5838
29/01/2003;5919
30/01/2003;5968
31/01/2003;6047
03/02/2003;6115
04/02/2003;6141
05/02/2003;5999
06/02/2003;6022
07/02/2003;6037
10/02/2003;6034
11/02/2003;6039
12/02/2003;6093
13/02/2003;6169
14/02/2003;6288
17/02/2003;6288
18/02/2003;6288
19/02/2003;6268
20/02/2003;6394
21/02/2003;6319
24/02/2003;6588
25/02/2003;6417
26/02/2003;6417
27/02/2003;6691
28/02/2003;6691
03/03/2003;6691
04/03/2003;6691
05/03/2003;6758
06/03/2003;6996
07/03/2003;6986
10/03/2003;6997
11/03/2003;6877
12/03/2003;6926
13/03/2003;7004
14/03/2003;6885
17/03/2003;6838
18/03/2003;6813
19/03/2003;6731
20/03/2003;6723
21/03/2003;6633
24/03/2003;6680
25/03/2003;6654
26/03/2003;6165
27/03/2003;6135
28/03/2003;6119
31/03/2003;6119
01/04/2003;6084
02/04/2003;5842
03/04/2003;5658
04/04/2003;5711
07/04/2003;5672
08/04/2003;5631
09/04/2003;5717
10/04/2003;5718
11/04/2003;5592
14/04/2003;5568
15/04/2003;5565
16/04/2003;5586
17/04/2003;5571
21/04/2003;5539
22/04/2003;5373
23/04/2003;5148
24/04/2003;5110
25/04/2003;5245
28/04/2003;5279
29/04/2003;5286
30/04/2003;5138
01/05/2003;5150
02/05/2003;5045
05/05/2003;5058
06/05/2003;5195
07/05/2003;5259
08/05/2003;5213
09/05/2003;5232
12/05/2003;5254
13/05/2003;5071
14/05/2003;5375
15/05/2003;5288
16/05/2003;5578
19/05/2003;5334
20/05/2003;5492
21/05/2003;5249
22/05/2003;5222
23/05/2003;5336
26/05/2003;5336
27/05/2003;5306
28/05/2003;5368
29/05/2003;5234
30/05/2003;5252
02/06/2003;5359
03/06/2003;5327
04/06/2003;5208
05/06/2003;5032
06/06/2003;5068
09/06/2003;4938
10/06/2003;4853
11/06/2003;4692
12/06/2003;4712
13/06/2003;4603
16/06/2003;4463
17/06/2003;4363
18/06/2003;4448
19/06/2003;4471
20/06/2003;4451
23/06/2003;4541
24/06/2003;4604
25/06/2003;4523
26/06/2003;4516
27/06/2003;4523
30/06/2003;4554
01/07/2003;4618
02/07/2003;4606
03/07/2003;4571
04/07/2003;4651
07/07/2003;4678
08/07/2003;4757
09/07/2003;4734
10/07/2003;4767
11/07/2003;4955
14/07/2003;4881
15/07/2003;4836
16/07/2003;4835
17/07/2003;5031
18/07/2003;5042
21/07/2003;4933
22/07/2003;4795
23/07/2003;4800
24/07/2003;4844
25/07/2003;4668
28/07/2003;4707
29/07/2003;4800
30/07/2003;4964
31/07/2003;5046
01/08/2003;5191
04/08/2003;5155
05/08/2003;5065
06/08/2003;5124
07/08/2003;5152
08/08/2003;5088
11/08/2003;5044
12/08/2003;4912
13/08/2003;4856
14/08/2003;4898
15/08/2003;4906
18/08/2003;4961
19/08/2003;5000
20/08/2003;5060
21/08/2003;5062
22/08/2003;5058
25/08/2003;4961
26/08/2003;5086
27/08/2003;5197
28/08/2003;5180
29/08/2003;4884
01/09/2003;4879
02/09/2003;4843
03/09/2003;4799
04/09/2003;4758
05/09/2003;4753
08/09/2003;4714
09/09/2003;4780
10/09/2003;4753
11/09/2003;4723
12/09/2003;4825
15/09/2003;4808
16/09/2003;4893
17/09/2003;4992
18/09/2003;4947
19/09/2003;5126
22/09/2003;5374
23/09/2003;5448
24/09/2003;5379
25/09/2003;5402
26/09/2003;5397
29/09/2003;5445
30/09/2003;5483
01/10/2003;5488
02/10/2003;5497
03/10/2003;5458
06/10/2003;5462
07/10/2003;5351
08/10/2003;5384
09/10/2003;5408
10/10/2003;5369
13/10/2003;5300
14/10/2003;5348
15/10/2003;5341
16/10/2003;5360
17/10/2003;5409
20/10/2003;5440
21/10/2003;5439
22/10/2003;5535
23/10/2003;5543
24/10/2003;5615
27/10/2003;5615
28/10/2003;5612
29/10/2003;5669
30/10/2003;5704
31/10/2003;5704
03/11/2003;5781
04/11/2003;5998
05/11/2003;6018
06/11/2003;5996
07/11/2003;6021
10/11/2003;6005
11/11/2003;6005
12/11/2003;6111
13/11/2003;6186
14/11/2003;6263
17/11/2003;6377
18/11/2003;6385
19/11/2003;6379
20/11/2003;6425
21/11/2003;6507
24/11/2003;6453
25/11/2003;6226
26/11/2003;6256
27/11/2003;6256
28/11/2003;6260
01/12/2003;6237
02/12/2003;6184
03/12/2003;6215
04/12/2003;6040
05/12/2003;6091
08/12/2003;5986
09/12/2003;5828
10/12/2003;5616
11/12/2003;5733
12/12/2003;5760
15/12/2003;5952
16/12/2003;5444
17/12/2003;5510
18/12/2003;5580
19/12/2003;5583
22/12/2003;5589
23/12/2003;5606
24/12/2003;5605
26/12/2003;5629
29/12/2003;5621
30/12/2003;5625
31/12/2003;5631
02/01/2004;5580
05/01/2004;5459
06/01/2004;5260
07/01/2004;5192
08/01/2004;5094
09/01/2004;5146
12/01/2004;5287
13/01/2004;5421
14/01/2004;5566
15/01/2004;5605
16/01/2004;5705
19/01/2004;5705
20/01/2004;5699
21/01/2004;5820
22/01/2004;5871
23/01/2004;5855
26/01/2004;5896
27/01/2004;5680
28/01/2004;5654
29/01/2004;5722
30/01/2004;5764
02/02/2004;5858
03/02/2004;5805
04/02/2004;5801
05/02/2004;5821
06/02/2004;5842
09/02/2004;5837
10/02/2004;5916
11/02/2004;5794
12/02/2004;5599
13/02/2004;5437
16/02/2004;5437
17/02/2004;5498
18/02/2004;5549
19/02/2004;5560
20/02/2004;5550
23/02/2004;5624
24/02/2004;5618
25/02/2004;5697
26/02/2004;5699
27/02/2004;5865
01/03/2004;5839
02/03/2004;5794
03/03/2004;5849
04/03/2004;5839
05/03/2004;5970
08/03/2004;5963
09/03/2004;5872
10/03/2004;5892
11/03/2004;5679
12/03/2004;5574
15/03/2004;5606
16/03/2004;5618
17/03/2004;5606
18/03/2004;5596
19/03/2004;5608
22/03/2004;5664
23/03/2004;5658
24/03/2004;5740
25/03/2004;5758
26/03/2004;5496
29/03/2004;4889
30/03/2004;4881
31/03/2004;4872
01/04/2004;4772
02/04/2004;4729
05/04/2004;4764
06/04/2004;4747
07/04/2004;4721
08/04/2004;4727
12/04/2004;4740
13/04/2004;4696
14/04/2004;4757
15/04/2004;4754
16/04/2004;4630
19/04/2004;4662
20/04/2004;4667
21/04/2004;4645
22/04/2004;4675
23/04/2004;4492
26/04/2004;4497
27/04/2004;4592
28/04/2004;4631
29/04/2004;4650
30/04/2004;4628
03/05/2004;4694
04/05/2004;4686
05/05/2004;4696
06/05/2004;4718
07/05/2004;4695
10/05/2004;4799
11/05/2004;4813
12/05/2004;4819
13/05/2004;4822
14/05/2004;4908
17/05/2004;4933
18/05/2004;4945
19/05/2004;4980
20/05/2004;5062
21/05/2004;5074
24/05/2004;5127
25/05/2004;5040
26/05/2004;4917
27/05/2004;4975
28/05/2004;4964
31/05/2004;4950
01/06/2004;4689
02/06/2004;4817
03/06/2004;5047
04/06/2004;5013
07/06/2004;5004
08/06/2004;5032
09/06/2004;5098
10/06/2004;5017
11/06/2004;5024
14/06/2004;5049
15/06/2004;5116
16/06/2004;4864
17/06/2004;5025
18/06/2004;5026
21/06/2004;5034
22/06/2004;5057
23/06/2004;5037
24/06/2004;5061
25/06/2004;5107
28/06/2004;5089
29/06/2004;5133
30/06/2004;5188
01/07/2004;5171
02/07/2004;5125
05/07/2004;5125
06/07/2004;5095
07/07/2004;5128
08/07/2004;4993
09/07/2004;4993
12/07/2004;5025
13/07/2004;4920
14/07/2004;4918
15/07/2004;4978
16/07/2004;4926
19/07/2004;4976
20/07/2004;5001
21/07/2004;5050
22/07/2004;5070
23/07/2004;5072
26/07/2004;5104
27/07/2004;4910
28/07/2004;4982
29/07/2004;4962
30/07/2004;5036
02/08/2004;5031
03/08/2004;5110
04/08/2004;5136
05/08/2004;5094
06/08/2004;5175
09/08/2004;5233
10/08/2004;5308
11/08/2004;5215
12/08/2004;5243
13/08/2004;5233
16/08/2004;5226
17/08/2004;5251
18/08/2004;5242
19/08/2004;5233
20/08/2004;5205
23/08/2004;5146
24/08/2004;5160
25/08/2004;5189
26/08/2004;5239
27/08/2004;5206
30/08/2004;5223
31/08/2004;5258
01/09/2004;5321
02/09/2004;5191
03/09/2004;5197
06/09/2004;5197
07/09/2004;5239
08/09/2004;5289
09/09/2004;5286
10/09/2004;5321
13/09/2004;5388
14/09/2004;5432
15/09/2004;5454
16/09/2004;5458
17/09/2004;5564
20/09/2004;5569
21/09/2004;5588
22/09/2004;5647
23/09/2004;5677
24/09/2004;5470
27/09/2004;5481
28/09/2004;5468
29/09/2004;5566
30/09/2004;5440
01/10/2004;5221
04/10/2004;5189
05/10/2004;5224
06/10/2004;5230
07/10/2004;5250
08/10/2004;5274
11/10/2004;5274
12/10/2004;5352
13/10/2004;5375
14/10/2004;5459
15/10/2004;5458
18/10/2004;5460
19/10/2004;5497
20/10/2004;5531
21/10/2004;5576
22/10/2004;5585
25/10/2004;5510
26/10/2004;5507
27/10/2004;5396
28/10/2004;5409
29/10/2004;5440
01/11/2004;5347
02/11/2004;5281
03/11/2004;5281
04/11/2004;5150
05/11/2004;5136
08/11/2004;5122
09/11/2004;5155
10/11/2004;5184
11/11/2004;5185
12/11/2004;5190
15/11/2004;5167
16/11/2004;5174
17/11/2004;5121
18/11/2004;5149
19/11/2004;5147
22/11/2004;5297
23/11/2004;5370
24/11/2004;5245
25/11/2004;5245
26/11/2004;5229
29/11/2004;5214
30/11/2004;5193
01/12/2004;5182
02/12/2004;5210
03/12/2004;5268
06/12/2004;5270
07/12/2004;5307
08/12/2004;5381
09/12/2004;5334
10/12/2004;5247
13/12/2004;5253
14/12/2004;5484
15/12/2004;4688
16/12/2004;4660
17/12/2004;4676
20/12/2004;4650
21/12/2004;4681
22/12/2004;4663
23/12/2004;4668
24/12/2004;4668
27/12/2004;4641
28/12/2004;4631
29/12/2004;4647
30/12/2004;4654
31/12/2004;4702
03/01/2005;4704
04/01/2005;4717
05/01/2005;4756
06/01/2005;4809
07/01/2005;4835
10/01/2005;4857
11/01/2005;4873
12/01/2005;4872
13/01/2005;4856
14/01/2005;4925
17/01/2005;4936
18/01/2005;5209
19/01/2005;5330
20/01/2005;5200
21/01/2005;5183
24/01/2005;5195
25/01/2005;5196
26/01/2005;5022
27/01/2005;5065
28/01/2005;5120
31/01/2005;5128
01/02/2005;5196
02/02/2005;5223
03/02/2005;5163
04/02/2005;5147
07/02/2005;5079
08/02/2005;5093
09/02/2005;5101
10/02/2005;5097
11/02/2005;4973
14/02/2005;4925
15/02/2005;4921
16/02/2005;4978
17/02/2005;4969
18/02/2005;4943
21/02/2005;4943
22/02/2005;4939
23/02/2005;4970
24/02/2005;4988
25/02/2005;5003
28/02/2005;4980
01/03/2005;4982
02/03/2005;5001
03/03/2005;5008
04/03/2005;5052
07/03/2005;5074
08/03/2005;5047
09/03/2005;5017
10/03/2005;5048
11/03/2005;5028
14/03/2005;5045
15/03/2005;5041
16/03/2005;5079
17/03/2005;5101
18/03/2005;5090
21/03/2005;5092
22/03/2005;5092
23/03/2005;5111
24/03/2005;5129
28/03/2005;5114
29/03/2005;5309
30/03/2005;5358
31/03/2005;5393
01/04/2005;5420
04/04/2005;5432
05/04/2005;5432
06/04/2005;5468
07/04/2005;5459
08/04/2005;5414
11/04/2005;5446
12/04/2005;5491
13/04/2005;5512
14/04/2005;5517
15/04/2005;5627
18/04/2005;5655
19/04/2005;6130
20/04/2005;6155
21/04/2005;6126
22/04/2005;6171
25/04/2005;6193
26/04/2005;6197
27/04/2005;6248
28/04/2005;6292
29/04/2005;6294
02/05/2005;6312
03/05/2005;6316
04/05/2005;6342
05/05/2005;6242
06/05/2005;6060
09/05/2005;6076
10/05/2005;6113
11/05/2005;6166
12/05/2005;6192
13/05/2005;6232
16/05/2005;6246
17/05/2005;6268
18/05/2005;6396
19/05/2005;6392
20/05/2005;6408
23/05/2005;6459
24/05/2005;6487
25/05/2005;6292
26/05/2005;6410
27/05/2005;6422
30/05/2005;6422
31/05/2005;6497
01/06/2005;6594
02/06/2005;6631
03/06/2005;6604
06/06/2005;6636
07/06/2005;6667
08/06/2005;6769
09/06/2005;6768
10/06/2005;6606
13/06/2005;794
14/06/2005;904
15/06/2005;889
16/06/2005;889
17/06/2005;885
20/06/2005;879
21/06/2005;880
22/06/2005;878
23/06/2005;891
24/06/2005;890
27/06/2005;893
28/06/2005;879
29/06/2005;865
30/06/2005;462
01/07/2005;453
04/07/2005;453
05/07/2005;446
06/07/2005;453
07/07/2005;438
08/07/2005;418
11/07/2005;420
12/07/2005;405
13/07/2005;411
14/07/2005;415
15/07/2005;418
18/07/2005;425
19/07/2005;428
20/07/2005;422
21/07/2005;418
22/07/2005;422
25/07/2005;428
26/07/2005;428
27/07/2005;423
28/07/2005;416
29/07/2005;412
01/08/2005;410
02/08/2005;405
03/08/2005;404
04/08/2005;399
05/08/2005;391
08/08/2005;399
09/08/2005;399
10/08/2005;395
11/08/2005;410
12/08/2005;418
15/08/2005;412
16/08/2005;417
17/08/2005;417
18/08/2005;425
19/08/2005;433
22/08/2005;429
23/08/2005;431
24/08/2005;443
25/08/2005;437
26/08/2005;437
29/08/2005;439
30/08/2005;444
31/08/2005;438
01/09/2005;429
02/09/2005;414
05/09/2005;414
06/09/2005;414
07/09/2005;405
08/09/2005;406
09/09/2005;409
12/09/2005;408
13/09/2005;415
14/09/2005;407
15/09/2005;397
16/09/2005;388
19/09/2005;387
20/09/2005;393
21/09/2005;390
22/09/2005;397
23/09/2005;391
26/09/2005;385
27/09/2005;387
28/09/2005;376
29/09/2005;363
30/09/2005;349
03/10/2005;342
04/10/2005;354
05/10/2005;365
06/10/2005;386
07/10/2005;372
10/10/2005;372
11/10/2005;381
12/10/2005;404
13/10/2005;411
14/10/2005;408
17/10/2005;404
18/10/2005;400
19/10/2005;404
20/10/2005;414
21/10/2005;423
24/10/2005;411
25/10/2005;398
26/10/2005;396
27/10/2005;404
28/10/2005;388
31/10/2005;370
01/11/2005;374
02/11/2005;374
03/11/2005;375
04/11/2005;381
07/11/2005;380
08/11/2005;381
09/11/2005;385
10/11/2005;390
11/11/2005;390
14/11/2005;389
15/11/2005;387
16/11/2005;379
17/11/2005;367
18/11/2005;367
21/11/2005;362
22/11/2005;359
23/11/2005;352
24/11/2005;352
25/11/2005;354
28/11/2005;375
29/11/2005;384
30/11/2005;495
01/12/2005;486
02/12/2005;478
05/12/2005;476
06/12/2005;473
07/12/2005;473
08/12/2005;488
09/12/2005;484
12/12/2005;493
13/12/2005;492
14/12/2005;484
15/12/2005;490
16/12/2005;510
19/12/2005;514
20/12/2005;511
21/12/2005;504
22/12/2005;495
23/12/2005;500
26/12/2005;500
27/12/2005;498
28/12/2005;501
29/12/2005;499
30/12/2005;503
31/12/2005;503
02/01/2006;503
03/01/2006;491
04/01/2006;475
05/01/2006;477
06/01/2006;459
09/01/2006;459
10/01/2006;459
11/01/2006;454
12/01/2006;464
13/01/2006;466
16/01/2006;466
17/01/2006;473
18/01/2006;474
19/01/2006;459
20/01/2006;454
23/01/2006;449
24/01/2006;443
25/01/2006;443
26/01/2006;439
27/01/2006;434
30/01/2006;434
31/01/2006;440
01/02/2006;425
02/02/2006;416
03/02/2006;408
06/02/2006;397
07/02/2006;404
08/02/2006;397
09/02/2006;393
10/02/2006;369
13/02/2006;375
14/02/2006;376
15/02/2006;374
16/02/2006;374
17/02/2006;373
20/02/2006;373
21/02/2006;371
22/02/2006;372
23/02/2006;363
24/02/2006;362
27/02/2006;351
28/02/2006;353
01/03/2006;346
02/03/2006;343
03/03/2006;343
06/03/2006;351
07/03/2006;367
08/03/2006;372
09/03/2006;367
10/03/2006;353
13/03/2006;348
14/03/2006;353
15/03/2006;339
16/03/2006;333
17/03/2006;332
20/03/2006;335
21/03/2006;343
22/03/2006;350
23/03/2006;353
24/03/2006;355
27/03/2006;353
28/03/2006;353
29/03/2006;349
30/03/2006;343
31/03/2006;344
03/04/2006;342
04/04/2006;339
05/04/2006;345
06/04/2006;343
07/04/2006;345
10/04/2006;349
11/04/2006;350
12/04/2006;344
13/04/2006;342
17/04/2006;337
18/04/2006;325
19/04/2006;317
20/04/2006;319
21/04/2006;320
24/04/2006;323
25/04/2006;318
26/04/2006;314
27/04/2006;313
28/04/2006;313
01/05/2006;309
02/05/2006;310
03/05/2006;311
04/05/2006;310
05/05/2006;313
08/05/2006;313
09/05/2006;318
10/05/2006;316
11/05/2006;319
12/05/2006;328
15/05/2006;354
16/05/2006;343
17/05/2006;359
18/05/2006;358
19/05/2006;362
22/05/2006;383
23/05/2006;375
24/05/2006;388
25/05/2006;364
26/05/2006;359
29/05/2006;359
30/05/2006;370
31/05/2006;368
01/06/2006;352
02/06/2006;371
05/06/2006;373
06/06/2006;378
07/06/2006;372
08/06/2006;379
09/06/2006;376
12/06/2006;383
13/06/2006;391
14/06/2006;382
15/06/2006;365
16/06/2006;372
19/06/2006;375
20/06/2006;375
21/06/2006;379
22/06/2006;388
23/06/2006;397
26/06/2006;411
27/06/2006;419
28/06/2006;408
29/06/2006;390
30/06/2006;384
03/07/2006;372
04/07/2006;372
05/07/2006;380
06/07/2006;376
07/07/2006;372
10/07/2006;364
11/07/2006;362
12/07/2006;377
13/07/2006;385
14/07/2006;384
17/07/2006;383
18/07/2006;370
19/07/2006;363
20/07/2006;349
21/07/2006;349
24/07/2006;339
25/07/2006;343
26/07/2006;333
27/07/2006;336
28/07/2006;342
31/07/2006;346
01/08/2006;346
02/08/2006;344
03/08/2006;341
04/08/2006;336
07/08/2006;330
08/08/2006;323
09/08/2006;320
10/08/2006;323
11/08/2006;321
14/08/2006;317
15/08/2006;319
16/08/2006;308
17/08/2006;310
18/08/2006;313
21/08/2006;317
22/08/2006;323
23/08/2006;328
24/08/2006;331
25/08/2006;328
28/08/2006;327
29/08/2006;327
30/08/2006;319
31/08/2006;320
01/09/2006;319
04/09/2006;319
05/09/2006;305
06/09/2006;312
07/09/2006;313
08/09/2006;319
11/09/2006;321
12/09/2006;319
13/09/2006;323
14/09/2006;323
15/09/2006;319
18/09/2006;317
19/09/2006;327
20/09/2006;336
21/09/2006;359
22/09/2006;367
25/09/2006;372
26/09/2006;352
27/09/2006;351
28/09/2006;339
29/09/2006;341
02/10/2006;337
03/10/2006;346
04/10/2006;341
05/10/2006;324
06/10/2006;322
09/10/2006;322
10/10/2006;313
11/10/2006;314
12/10/2006;301
13/10/2006;289
16/10/2006;283
17/10/2006;293
18/10/2006;287
19/10/2006;284
20/10/2006;288
23/10/2006;286
24/10/2006;288
25/10/2006;283
26/10/2006;279
27/10/2006;282
30/10/2006;290
31/10/2006;293
01/11/2006;293
02/11/2006;288
03/11/2006;278
06/11/2006;278
07/11/2006;285
08/11/2006;286
09/11/2006;290
10/11/2006;297
13/11/2006;284
14/11/2006;287
15/11/2006;282
16/11/2006;281
17/11/2006;290
19/11/2006;290
20/11/2006;289
21/11/2006;294
22/11/2006;296
23/11/2006;296
24/11/2006;298
27/11/2006;309
28/11/2006;310
29/11/2006;297
30/11/2006;297
01/12/2006;306
04/12/2006;298
05/12/2006;293
06/12/2006;284
07/12/2006;276
08/12/2006;262
11/12/2006;254
12/12/2006;252
13/12/2006;247
14/12/2006;242
15/12/2006;239
18/12/2006;239
19/12/2006;235
20/12/2006;229
21/12/2006;228
22/12/2006;229
26/12/2006;231
27/12/2006;223
28/12/2006;215
29/12/2006;215
02/01/2007;218
03/01/2007;204
04/01/2007;217
05/01/2007;223
08/01/2007;220
09/01/2007;228
10/01/2007;225
11/01/2007;213
12/01/2007;207
15/01/2007;207
16/01/2007;202
17/01/2007;192
18/01/2007;194
19/01/2007;192
22/01/2007;194
23/01/2007;190
24/01/2007;190
25/01/2007;186
26/01/2007;184
29/01/2007;185
30/01/2007;185
31/01/2007;192
01/02/2007;185
02/02/2007;188
05/02/2007;189
06/02/2007;191
07/02/2007;204
08/02/2007;214
09/02/2007;218
12/02/2007;215
13/02/2007;205
14/02/2007;205
15/02/2007;206
16/02/2007;209
19/02/2007;209
20/02/2007;208
21/02/2007;207
22/02/2007;201
23/02/2007;209
26/02/2007;214
27/02/2007;239
28/02/2007;228
01/03/2007;228
02/03/2007;236
05/03/2007;239
06/03/2007;234
07/03/2007;235
08/03/2007;230
09/03/2007;216
12/03/2007;218
13/03/2007;227
14/03/2007;220
15/03/2007;220
16/03/2007;220
19/03/2007;217
20/03/2007;219
21/03/2007;217
22/03/2007;207
23/03/2007;209
26/03/2007;210
27/03/2007;208
28/03/2007;208
29/03/2007;208
30/03/2007;204
02/04/2007;204
03/04/2007;203
04/04/2007;202
05/04/2007;202
09/04/2007;197
10/04/2007;200
11/04/2007;202
12/04/2007;216
13/04/2007;234
16/04/2007;237
17/04/2007;250
18/04/2007;254
19/04/2007;261
20/04/2007;255
23/04/2007;257
24/04/2007;260
25/04/2007;260
26/04/2007;263
27/04/2007;262
30/04/2007;272
01/05/2007;272
02/05/2007;273
03/05/2007;276
04/05/2007;287
07/05/2007;291
08/05/2007;288
09/05/2007;286
10/05/2007;288
11/05/2007;288
14/05/2007;290
15/05/2007;283
16/05/2007;274
17/05/2007;270
18/05/2007;269
21/05/2007;265
22/05/2007;263
23/05/2007;264
24/05/2007;276
25/05/2007;271
28/05/2007;271
29/05/2007;276
30/05/2007;281
31/05/2007;277
01/06/2007;271
04/06/2007;275
05/06/2007;274
06/06/2007;286
07/06/2007;290
08/06/2007;292
11/06/2007;292
12/06/2007;306
13/06/2007;310
14/06/2007;289
15/06/2007;275
18/06/2007;267
19/06/2007;267
20/06/2007;275
21/06/2007;280
22/06/2007;285
25/06/2007;303
26/06/2007;312
27/06/2007;323
28/06/2007;303
29/06/2007;325
02/07/2007;320
03/07/2007;318
04/07/2007;318
05/07/2007;317
06/07/2007;307
09/07/2007;308
10/07/2007;324
11/07/2007;319
12/07/2007;303
13/07/2007;313
16/07/2007;318
17/07/2007;322
18/07/2007;342
19/07/2007;331
20/07/2007;345
23/07/2007;355
24/07/2007;381
25/07/2007;401
26/07/2007;468
27/07/2007;471
30/07/2007;449
31/07/2007;449
01/08/2007;461
02/08/2007;461
03/08/2007;463
06/08/2007;473
07/08/2007;459
08/08/2007;403
09/08/2007;433
10/08/2007;427
13/08/2007;430
14/08/2007;460
15/08/2007;469
16/08/2007;517
17/08/2007;477
20/08/2007;492
21/08/2007;489
22/08/2007;465
23/08/2007;471
24/08/2007;462
27/08/2007;448
28/08/2007;465
29/08/2007;459
30/08/2007;467
31/08/2007;450
03/09/2007;450
04/09/2007;449
05/09/2007;465
06/09/2007;454
07/09/2007;463
10/09/2007;477
11/09/2007;471
12/09/2007;460
13/09/2007;440
14/09/2007;439
17/09/2007;440
18/09/2007;405
19/09/2007;395
20/09/2007;394
21/09/2007;377
24/09/2007;388
25/09/2007;392
26/09/2007;392
27/09/2007;391
28/09/2007;398
01/10/2007;395
02/10/2007;393
03/10/2007;402
04/10/2007;405
05/10/2007;388
08/10/2007;388
09/10/2007;370
10/10/2007;372
11/10/2007;354
12/10/2007;350
15/10/2007;354
16/10/2007;355
17/10/2007;366
18/10/2007;364
19/10/2007;386
22/10/2007;388
23/10/2007;388
24/10/2007;395
25/10/2007;382
26/10/2007;352
29/10/2007;350
30/10/2007;341
31/10/2007;312
01/11/2007;329
02/11/2007;341
05/11/2007;355
06/11/2007;345
07/11/2007;360
08/11/2007;385
09/11/2007;387
12/11/2007;387
13/11/2007;383
14/11/2007;373
15/11/2007;399
16/11/2007;404
19/11/2007;425
20/11/2007;413
21/11/2007;441
22/11/2007;441
23/11/2007;445
26/11/2007;471
27/11/2007;454
28/11/2007;420
29/11/2007;412
30/11/2007;401
03/12/2007;407
04/12/2007;411
05/12/2007;406
06/12/2007;387
07/12/2007;369
10/12/2007;357
11/12/2007;378
12/12/2007;380
13/12/2007;384
14/12/2007;388
17/12/2007;403
18/12/2007;405
19/12/2007;412
20/12/2007;413
21/12/2007;399
24/12/2007;393
26/12/2007;390
27/12/2007;392
28/12/2007;401
31/12/2007;410
02/01/2008;423
03/01/2008;422
04/01/2008;436
07/01/2008;428
08/01/2008;419
09/01/2008;437
10/01/2008;421
11/01/2008;414
14/01/2008;416
15/01/2008;426
16/01/2008;431
17/01/2008;446
18/01/2008;454
21/01/2008;454
22/01/2008;473
23/01/2008;487
24/01/2008;455
25/01/2008;468
27/01/2008;468
28/01/2008;470
29/01/2008;466
30/01/2008;451
31/01/2008;466
01/02/2008;462
04/02/2008;453
05/02/2008;470
06/02/2008;470
07/02/2008;464
08/02/2008;489
11/02/2008;497
12/02/2008;479
13/02/2008;476
14/02/2008;474
15/02/2008;487
18/02/2008;487
19/02/2008;479
20/02/2008;478
21/02/2008;487
22/02/2008;481
25/02/2008;477
26/02/2008;463
27/02/2008;463
28/02/2008;479
29/02/2008;503
03/03/2008;506
04/03/2008;493
05/03/2008;475
06/03/2008;490
07/03/2008;505
10/03/2008;525
11/03/2008;490
12/03/2008;510
13/03/2008;512
14/03/2008;541
17/03/2008;580
18/03/2008;536
19/03/2008;551
20/03/2008;551
24/03/2008;532
25/03/2008;535
26/03/2008;555
27/03/2008;551
28/03/2008;559
31/03/2008;581
01/04/2008;561
02/04/2008;542
03/04/2008;530
04/04/2008;530
07/04/2008;529
08/04/2008;536
09/04/2008;544
10/04/2008;542
11/04/2008;558
14/04/2008;553
15/04/2008;550
16/04/2008;546
17/04/2008;557
18/04/2008;545
21/04/2008;560
22/04/2008;583
23/04/2008;576
24/04/2008;565
25/04/2008;589
28/04/2008;580
29/04/2008;584
30/04/2008;563
01/05/2008;547
02/05/2008;548
05/05/2008;543
06/05/2008;546
07/05/2008;570
08/05/2008;570
09/05/2008;573
12/05/2008;580
13/05/2008;566
14/05/2008;559
15/05/2008;556
16/05/2008;552
19/05/2008;538
20/05/2008;544
21/05/2008;542
22/05/2008;541
23/05/2008;559
26/05/2008;559
27/05/2008;556
28/05/2008;548
29/05/2008;535
30/05/2008;535
02/06/2008;542
03/06/2008;549
04/06/2008;528
05/06/2008;526
06/06/2008;547
09/06/2008;543
10/06/2008;542
11/06/2008;535
12/06/2008;535
13/06/2008;541
16/06/2008;555
17/06/2008;575
18/06/2008;568
19/06/2008;561
20/06/2008;581
23/06/2008;572
24/06/2008;582
25/06/2008;581
26/06/2008;606
27/06/2008;614
30/06/2008;614
01/07/2008;629
02/07/2008;638
03/07/2008;622
04/07/2008;622
07/07/2008;627
08/07/2008;635
09/07/2008;644
10/07/2008;651
11/07/2008;658
14/07/2008;665
15/07/2008;668
16/07/2008;657
17/07/2008;636
18/07/2008;599
21/07/2008;594
22/07/2008;601
23/07/2008;586
24/07/2008;609
25/07/2008;609
28/07/2008;624
29/07/2008;613
30/07/2008;608
31/07/2008;612
01/08/2008;625
04/08/2008;635
05/08/2008;637
06/08/2008;643
07/08/2008;684
08/08/2008;729
11/08/2008;668
12/08/2008;672
13/08/2008;657
14/08/2008;656
15/08/2008;664
18/08/2008;672
19/08/2008;672
20/08/2008;677
21/08/2008;681
22/08/2008;675
25/08/2008;685
26/08/2008;680
27/08/2008;678
28/08/2008;676
29/08/2008;671
01/09/2008;671
02/09/2008;678
03/09/2008;698
04/09/2008;713
05/09/2008;722
08/09/2008;708
09/09/2008;743
10/09/2008;742
11/09/2008;754
12/09/2008;764
15/09/2008;825
16/09/2008;876
17/09/2008;930
18/09/2008;891
19/09/2008;806
22/09/2008;769
23/09/2008;785
24/09/2008;814
25/09/2008;826
26/09/2008;852
29/09/2008;924
30/09/2008;953
01/10/2008;1005
02/10/2008;1099
03/10/2008;1040
06/10/2008;1161
07/10/2008;1232
08/10/2008;1294
09/10/2008;1284
10/10/2008;1358
14/10/2008;1242
15/10/2008;1334
16/10/2008;1372
17/10/2008;1364
20/10/2008;1385
21/10/2008;1627
22/10/2008;1905
23/10/2008;1878
24/10/2008;1843
27/10/2008;1841
28/10/2008;1897
29/10/2008;1894
30/10/2008;1892
31/10/2008;1787
03/11/2008;1664
04/11/2008;1625
05/11/2008;1714
06/11/2008;1711
07/11/2008;1711
10/11/2008;1707
11/11/2008;1698
12/11/2008;1751
13/11/2008;1899
14/11/2008;1965
17/11/2008;1835
18/11/2008;1835
19/11/2008;1865
20/11/2008;1912
21/11/2008;1909
24/11/2008;1845
25/11/2008;1828
26/11/2008;1720
28/11/2008;1722
01/12/2008;1777
02/12/2008;1806
03/12/2008;1815
04/12/2008;1858
05/12/2008;1849
08/12/2008;1799
09/12/2008;1842
10/12/2008;1833
11/12/2008;1836
12/12/2008;1906
15/12/2008;1960
16/12/2008;1946
17/12/2008;1846
18/12/2008;1894
19/12/2008;1842
22/12/2008;1822
23/12/2008;1817
24/12/2008;1817
26/12/2008;1817
29/12/2008;1742
30/12/2008;1705
31/12/2008;1704
02/01/2009;1681
05/01/2009;1637
06/01/2009;1572
07/01/2009;1580
08/01/2009;1636
09/01/2009;1639
12/01/2009;1647
13/01/2009;1646
14/01/2009;1640
15/01/2009;1611
16/01/2009;1553
19/01/2009;1553
20/01/2009;1539
21/01/2009;1557
22/01/2009;1535
23/01/2009;1514
26/01/2009;1510
27/01/2009;1510
28/01/2009;1480
29/01/2009;1489
30/01/2009;1495
02/02/2009;1507
03/02/2009;1507
04/02/2009;1535
05/02/2009;1547
06/02/2009;1541
09/02/2009;1537
10/02/2009;1578
11/02/2009;1637
12/02/2009;1645
13/02/2009;1618
16/02/2009;1609
17/02/2009;1694
18/02/2009;1734
19/02/2009;1724
20/02/2009;1749
23/02/2009;1798
24/02/2009;1791
25/02/2009;1707
26/02/2009;1708
27/02/2009;1727
02/03/2009;1772
03/03/2009;1802
04/03/2009;1762
05/03/2009;1827
06/03/2009;1890
09/03/2009;1908
10/03/2009;1874
11/03/2009;1809
12/03/2009;1810
13/03/2009;1828
16/03/2009;1815
17/03/2009;1848
18/03/2009;1885
19/03/2009;1838
20/03/2009;1884
23/03/2009;1909
24/03/2009;1908
25/03/2009;1960
26/03/2009;1903
27/03/2009;1927
30/03/2009;1932
31/03/2009;1894
01/04/2009;1893
02/04/2009;1864
03/04/2009;1833
06/04/2009;1808
07/04/2009;1832
08/04/2009;1786
09/04/2009;1734
13/04/2009;1728
14/04/2009;1752
15/04/2009;1755
16/04/2009;1761
17/04/2009;1756
20/04/2009;1838
21/04/2009;1790
22/04/2009;1781
23/04/2009;1794
24/04/2009;1750
27/04/2009;1747
28/04/2009;1777
29/04/2009;1769
30/04/2009;1766
01/05/2009;1764
04/05/2009;1685
05/05/2009;1551
06/05/2009;1445
07/05/2009;1379
08/05/2009;1409
11/05/2009;1433
12/05/2009;1510
13/05/2009;1565
14/05/2009;1514
15/05/2009;1550
18/05/2009;1474
19/05/2009;1429
20/05/2009;1378
21/05/2009;1405
22/05/2009;1380
25/05/2009;1380
26/05/2009;1355
27/05/2009;1315
28/05/2009;1296
29/05/2009;1291
01/06/2009;1214
02/06/2009;1158
03/06/2009;1166
04/06/2009;1157
05/06/2009;1144
08/06/2009;1144
09/06/2009;1109
10/06/2009;1100
11/06/2009;1054
12/06/2009;1042
15/06/2009;1050
16/06/2009;1100
17/06/2009;1184
18/06/2009;1174
19/06/2009;1183
22/06/2009;1231
23/06/2009;1248
24/06/2009;1210
25/06/2009;1171
26/06/2009;1142
29/06/2009;1008
30/06/2009;1062
01/07/2009;1040
02/07/2009;1045
03/07/2009;1045
06/07/2009;1059
07/07/2009;1050
08/07/2009;1124
09/07/2009;1125
10/07/2009;1123
13/07/2009;1141
14/07/2009;1112
15/07/2009;1103
16/07/2009;1079
17/07/2009;1037
20/07/2009;1033
21/07/2009;1052
22/07/2009;1007
23/07/2009;966
24/07/2009;978
27/07/2009;946
28/07/2009;945
29/07/2009;963
30/07/2009;961
31/07/2009;962
03/08/2009;905
04/08/2009;877
05/08/2009;873
06/08/2009;887
07/08/2009;862
10/08/2009;875
11/08/2009;897
12/08/2009;888
13/08/2009;901
14/08/2009;912
17/08/2009;925
18/08/2009;924
19/08/2009;926
20/08/2009;914
21/08/2009;864
24/08/2009;855
25/08/2009;874
26/08/2009;917
27/08/2009;934
28/08/2009;940
31/08/2009;957
01/09/2009;967
02/09/2009;973
03/09/2009;921
04/09/2009;931
07/09/2009;931
08/09/2009;876
09/09/2009;844
10/09/2009;858
11/09/2009;837
14/09/2009;809
15/09/2009;751
16/09/2009;730
17/09/2009;756
18/09/2009;755
21/09/2009;731
22/09/2009;739
23/09/2009;765
24/09/2009;795
25/09/2009;807
28/09/2009;803
29/09/2009;799
30/09/2009;784
01/10/2009;797
02/10/2009;792
05/10/2009;723
06/10/2009;708
07/10/2009;718
08/10/2009;690
09/10/2009;663
12/10/2009;647
13/10/2009;693
14/10/2009;685
15/10/2009;693
16/10/2009;700
19/10/2009;711
20/10/2009;699
21/10/2009;703
22/10/2009;692
23/10/2009;692
26/10/2009;686
27/10/2009;700
28/10/2009;711
29/10/2009;707
30/10/2009;721
02/11/2009;732
03/11/2009;737
04/11/2009;728
05/11/2009;735
06/11/2009;738
09/11/2009;730
10/11/2009;729
11/11/2009;724
12/11/2009;733
13/11/2009;735
16/11/2009;728
17/11/2009;724
18/11/2009;712
19/11/2009;714
20/11/2009;710
23/11/2009;698
24/11/2009;700
25/11/2009;701
26/11/2009;696
27/11/2009;737
30/11/2009;766
01/12/2009;755
02/12/2009;770
03/12/2009;783
04/12/2009;773
07/12/2009;780
08/12/2009;793
09/12/2009;794
10/12/2009;777
11/12/2009;733
14/12/2009;709
15/12/2009;709
16/12/2009;689
17/12/2009;722
18/12/2009;711
21/12/2009;690
22/12/2009;671
23/12/2009;672
24/12/2009;666
28/12/2009;659
29/12/2009;662
30/12/2009;663
31/12/2009;660
04/01/2010;631
05/01/2010;643
06/01/2010;656
07/01/2010;669
08/01/2010;685
11/01/2010;681
12/01/2010;729
13/01/2010;727
14/01/2010;710
15/01/2010;735
19/01/2010;708
20/01/2010;723
21/01/2010;740
22/01/2010;756
25/01/2010;737
26/01/2010;739
27/01/2010;749
28/01/2010;751
29/01/2010;753
01/02/2010;739
02/02/2010;753
03/02/2010;751
04/02/2010;798
05/02/2010;813
08/02/2010;809
09/02/2010;801
10/02/2010;791
11/02/2010;777
12/02/2010;794
15/02/2010;794
16/02/2010;797
17/02/2010;788
18/02/2010;793
19/02/2010;782
22/02/2010;785
23/02/2010;826
24/02/2010;805
25/02/2010;809
26/02/2010;806
01/03/2010;776
02/03/2010;769
03/03/2010;770
04/03/2010;764
05/03/2010;750
08/03/2010;751
09/03/2010;729
10/03/2010;722
11/03/2010;718
12/03/2010;722
15/03/2010;719
16/03/2010;720
17/03/2010;705
18/03/2010;685
19/03/2010;678
22/03/2010;677
23/03/2010;669
24/03/2010;655
25/03/2010;644
26/03/2010;645
29/03/2010;644
30/03/2010;640
31/03/2010;646
01/04/2010;646
05/04/2010;614
06/04/2010;614
07/04/2010;636
08/04/2010;637
09/04/2010;626
12/04/2010;621
13/04/2010;624
14/04/2010;618
15/04/2010;601
16/04/2010;619
19/04/2010;618
20/04/2010;622
21/04/2010;633
22/04/2010;637
23/04/2010;638
26/04/2010;620
27/04/2010;652
28/04/2010;644
29/04/2010;649
30/04/2010;659
03/05/2010;653
04/05/2010;690
05/05/2010;724
06/05/2010;786
07/05/2010;778
10/05/2010;736
11/05/2010;725
12/05/2010;709
13/05/2010;696
14/05/2010;725
17/05/2010;726
18/05/2010;754
19/05/2010;782
20/05/2010;850
21/05/2010;844
24/05/2010;832
25/05/2010;878
26/05/2010;833
27/05/2010;796
28/05/2010;807
31/05/2010;807
01/06/2010;814
02/06/2010;787
03/06/2010;775
04/06/2010;816
07/06/2010;842
08/06/2010;852
09/06/2010;844
10/06/2010;808
11/06/2010;833
14/06/2010;819
15/06/2010;814
16/06/2010;795
17/06/2010;800
18/06/2010;769
21/06/2010;758
22/06/2010;777
23/06/2010;785
24/06/2010;792
25/06/2010;795
28/06/2010;780
29/06/2010;796
30/06/2010;821
01/07/2010;846
02/07/2010;831
05/07/2010;831
06/07/2010;805
07/07/2010;782
08/07/2010;765
09/07/2010;757
12/07/2010;749
13/07/2010;740
14/07/2010;743
15/07/2010;753
16/07/2010;756
19/07/2010;748
20/07/2010;746
21/07/2010;743
22/07/2010;717
23/07/2010;719
26/07/2010;706
27/07/2010;696
28/07/2010;698
29/07/2010;691
30/07/2010;707
02/08/2010;685
03/08/2010;697
04/08/2010;669
05/08/2010;674
06/08/2010;671
09/08/2010;653
10/08/2010;657
11/08/2010;672
12/08/2010;673
13/08/2010;670
16/08/2010;690
17/08/2010;678
18/08/2010;683
19/08/2010;693
20/08/2010;694
23/08/2010;691
24/08/2010;727
25/08/2010;750
26/08/2010;776
27/08/2010;754
30/08/2010;756
31/08/2010;760
01/09/2010;725
02/09/2010;710
03/09/2010;685
06/09/2010;685
07/09/2010;708
08/09/2010;716
09/09/2010;709
10/09/2010;709
13/09/2010;698
14/09/2010;682
15/09/2010;667
16/09/2010;652
17/09/2010;662
20/09/2010;660
21/09/2010;681
22/09/2010;683
23/09/2010;700
24/09/2010;680
27/09/2010;678
28/09/2010;683
29/09/2010;680
30/09/2010;675
01/10/2010;662
04/10/2010;668
05/10/2010;647
06/10/2010;654
07/10/2010;648
08/10/2010;630
11/10/2010;630
12/10/2010;590
13/10/2010;573
14/10/2010;585
15/10/2010;578
18/10/2010;584
19/10/2010;602
20/10/2010;604
21/10/2010;608
22/10/2010;605
25/10/2010;590
26/10/2010;582
27/10/2010;533
28/10/2010;527
29/10/2010;528
01/11/2010;532
02/11/2010;538
03/11/2010;518
04/11/2010;507
05/11/2010;501
08/11/2010;512
09/11/2010;515
10/11/2010;520
11/11/2010;520
12/11/2010;529
15/11/2010;528
16/11/2010;566
17/11/2010;555
18/11/2010;535
19/11/2010;531
22/11/2010;537
23/11/2010;546
24/11/2010;521
25/11/2010;521
26/11/2010;521
29/11/2010;555
30/11/2010;582
01/12/2010;547
02/12/2010;532
03/12/2010;528
06/12/2010;528
07/12/2010;497
08/12/2010;507
09/12/2010;507
10/12/2010;507
13/12/2010;507
14/12/2010;498
15/12/2010;515
16/12/2010;515
17/12/2010;533
20/12/2010;514
21/12/2010;510
22/12/2010;495
23/12/2010;490
24/12/2010;490
27/12/2010;489
28/12/2010;481
29/12/2010;488
30/12/2010;486
31/12/2010;496
03/01/2011;483
04/01/2011;479
05/01/2011;473
06/01/2011;475
07/01/2011;492
10/01/2011;490
11/01/2011;477
12/01/2011;468
13/01/2011;467
14/01/2011;472
17/01/2011;472
18/01/2011;462
19/01/2011;481
20/01/2011;462
21/01/2011;478
24/01/2011;472
25/01/2011;488
26/01/2011;484
27/01/2011;492
28/01/2011;537
31/01/2011;552
01/02/2011;525
02/02/2011;517
03/02/2011;522
04/02/2011;518
07/02/2011;518
08/02/2011;513
09/02/2011;530
10/02/2011;527
11/02/2011;534
14/02/2011;544
15/02/2011;554
16/02/2011;549
17/02/2011;538
18/02/2011;533
21/02/2011;533
22/02/2011;559
23/02/2011;571
24/02/2011;588
25/02/2011;573
28/02/2011;580
01/03/2011;590
02/03/2011;571
03/03/2011;554
04/03/2011;563
07/03/2011;558
08/03/2011;547
09/03/2011;561
10/03/2011;575
11/03/2011;574
14/03/2011;580
15/03/2011;597
16/03/2011;608
17/03/2011;590
18/03/2011;591
21/03/2011;577
22/03/2011;582
23/03/2011;563
24/03/2011;549
25/03/2011;535
28/03/2011;538
29/03/2011;544
30/03/2011;535
31/03/2011;539
01/04/2011;513
04/04/2011;515
05/04/2011;518
06/04/2011;513
07/04/2011;514
08/04/2011;507
11/04/2011;508
12/04/2011;525
13/04/2011;525
14/04/2011;528
15/04/2011;529
18/04/2011;540
19/04/2011;547
20/04/2011;541
21/04/2011;542
25/04/2011;547
26/04/2011;564
27/04/2011;567
28/04/2011;563
29/04/2011;555
02/05/2011;546
03/05/2011;555
04/05/2011;564
05/05/2011;582
06/05/2011;577
09/05/2011;588
10/05/2011;584
11/05/2011;586
12/05/2011;567
13/05/2011;579
16/05/2011;588
17/05/2011;594
18/05/2011;579
19/05/2011;576
20/05/2011;577
23/05/2011;590
24/05/2011;591
25/05/2011;587
26/05/2011;600
27/05/2011;595
30/05/2011;595
31/05/2011;592
01/06/2011;609
02/06/2011;597
03/06/2011;597
06/06/2011;597
07/06/2011;592
08/06/2011;602
09/06/2011;587
10/06/2011;590
13/06/2011;596
14/06/2011;574
15/06/2011;597
16/06/2011;625
17/06/2011;628
20/06/2011;622
21/06/2011;614
22/06/2011;611
23/06/2011;629
24/06/2011;636
27/06/2011;628
28/06/2011;607
29/06/2011;597
30/06/2011;568
01/07/2011;556
04/07/2011;556
05/07/2011;565
06/07/2011;572
07/07/2011;570
08/07/2011;588
11/07/2011;608
12/07/2011;614
13/07/2011;621
14/07/2011;628
15/07/2011;623
18/07/2011;628
19/07/2011;621
20/07/2011;614
21/07/2011;593
22/07/2011;591
25/07/2011;577
26/07/2011;582
27/07/2011;577
28/07/2011;581
29/07/2011;592
01/08/2011;593
02/08/2011;611
03/08/2011;619
04/08/2011;648
05/08/2011;689
08/08/2011;756
09/08/2011;741
10/08/2011;754
11/08/2011;737
12/08/2011;716
15/08/2011;709
16/08/2011;728
17/08/2011;729
18/08/2011;759
19/08/2011;750
22/08/2011;755
23/08/2011;763
24/08/2011;746
25/08/2011;749
26/08/2011;758
29/08/2011;741
30/08/2011;749
31/08/2011;738
01/09/2011;757
02/09/2011;782
05/09/2011;782
06/09/2011;799
07/09/2011;790
08/09/2011;795
09/09/2011;812
12/09/2011;824
13/09/2011;841
14/09/2011;864
15/09/2011;850
16/09/2011;836
19/09/2011;868
20/09/2011;876
21/09/2011;918
22/09/2011;991
23/09/2011;983
26/09/2011;984
27/09/2011;928
28/09/2011;977
29/09/2011;967
30/09/2011;993
03/10/2011;1018
04/10/2011;1017
05/10/2011;1013
06/10/2011;976
07/10/2011;963
10/10/2011;963
11/10/2011;935
12/10/2011;883
13/10/2011;900
14/10/2011;861
17/10/2011;878
18/10/2011;888
19/10/2011;886
20/10/2011;912
21/10/2011;899
24/10/2011;888
25/10/2011;881
26/10/2011;874
27/10/2011;789
28/10/2011;800
31/10/2011;835
01/11/2011;850
02/11/2011;847
03/11/2011;809
04/11/2011;818
07/11/2011;821
08/11/2011;807
09/11/2011;848
10/11/2011;846
11/11/2011;846
14/11/2011;849
15/11/2011;855
16/11/2011;872
17/11/2011;898
18/11/2011;912
21/11/2011;955
22/11/2011;970
23/11/2011;1003
24/11/2011;1003
25/11/2011;997
28/11/2011;982
29/11/2011;974
30/11/2011;941
01/12/2011;934
02/12/2011;932
05/12/2011;929
06/12/2011;900
07/12/2011;905
08/12/2011;914
09/12/2011;895
12/12/2011;909
13/12/2011;919
14/12/2011;938
15/12/2011;949
16/12/2011;960
19/12/2011;961
20/12/2011;944
21/12/2011;943
22/12/2011;927
23/12/2011;918
26/12/2011;918
27/12/2011;915
28/12/2011;922
29/12/2011;925
30/12/2011;925
02/01/2012;925
03/01/2012;900
04/01/2012;881
05/01/2012;873
06/01/2012;884
09/01/2012;870
10/01/2012;869
11/01/2012;888
12/01/2012;891
13/01/2012;894
16/01/2012;894
17/01/2012;888
18/01/2012;859
19/01/2012;837
20/01/2012;821
23/01/2012;796
24/01/2012;806
25/01/2012;789
26/01/2012;798
27/01/2012;810
30/01/2012;825
31/01/2012;840
01/02/2012;824
02/02/2012;828
03/02/2012;808
06/02/2012;813
07/02/2012;810
08/02/2012;820
09/02/2012;844
10/02/2012;858
13/02/2012;835
14/02/2012;844
15/02/2012;844
16/02/2012;829
17/02/2012;808
20/02/2012;808
21/02/2012;800
22/02/2012;797
23/02/2012;798
24/02/2012;800
27/02/2012;817
28/02/2012;829
29/02/2012;843
01/03/2012;818
02/03/2012;811
05/03/2012;820
06/03/2012;835
07/03/2012;834
08/03/2012;816
09/03/2012;822
12/03/2012;827
13/03/2012;807
14/03/2012;795
15/03/2012;788
16/03/2012;792
19/03/2012;784
20/03/2012;793
21/03/2012;799
22/03/2012;814
23/03/2012;822
26/03/2012;829
27/03/2012;846
28/03/2012;880
29/03/2012;899
30/03/2012;880
02/04/2012;902
03/04/2012;896
04/04/2012;934
05/04/2012;938
09/04/2012;947
10/04/2012;960
11/04/2012;946
12/04/2012;931
13/04/2012;946
16/04/2012;976
17/04/2012;992
18/04/2012;1048
19/04/2012;1019
20/04/2012;994
23/04/2012;1010
24/04/2012;1003
25/04/2012;981
26/04/2012;983
27/04/2012;973
30/04/2012;962
01/05/2012;953
02/05/2012;967
03/05/2012;973
04/05/2012;998
07/05/2012;994
08/05/2012;1005
09/05/2012;1020
10/05/2012;1014
11/05/2012;1042
14/05/2012;1077
15/05/2012;1103
16/05/2012;1134
17/05/2012;1132
18/05/2012;1134
21/05/2012;1123
22/05/2012;1121
23/05/2012;1152
24/05/2012;1184
25/05/2012;1175
28/05/2012;1175
29/05/2012;1185
30/05/2012;1244
31/05/2012;1236
01/06/2012;1249
04/06/2012;1211
05/06/2012;1165
06/06/2012;1117
07/06/2012;1170
08/06/2012;1167
11/06/2012;1199
12/06/2012;1131
13/06/2012;1111
14/06/2012;1088
15/06/2012;1077
18/06/2012;1094
19/06/2012;1079
20/06/2012;1078
21/06/2012;1111
22/06/2012;1103
25/06/2012;1128
26/06/2012;1112
27/06/2012;1103
28/06/2012;1120
29/06/2012;1088
02/07/2012;1071
03/07/2012;1044
04/07/2012;1044
05/07/2012;1053
06/07/2012;1080
09/07/2012;1090
10/07/2012;1108
11/07/2012;1098
12/07/2012;1097
13/07/2012;1075
16/07/2012;1079
17/07/2012;1066
18/07/2012;1084
19/07/2012;1088
20/07/2012;1114
23/07/2012;1128
24/07/2012;1147
25/07/2012;1136
26/07/2012;1116
27/07/2012;1082
30/07/2012;1085
31/07/2012;1087
01/08/2012;1075
02/08/2012;1083
03/08/2012;1050
06/08/2012;1051
07/08/2012;1040
08/08/2012;1031
09/08/2012;1048
10/08/2012;1059
13/08/2012;1051
14/08/2012;1040
15/08/2012;1032
16/08/2012;1010
17/08/2012;1013
20/08/2012;1025
21/08/2012;1014
22/08/2012;1023
23/08/2012;1027
24/08/2012;1023
27/08/2012;1027
28/08/2012;1024
29/08/2012;1038
30/08/2012;1064
31/08/2012;1051
03/09/2012;1051
04/09/2012;1038
05/09/2012;1019
06/09/2012;981
07/09/2012;977
10/09/2012;971
11/09/2012;952
12/09/2012;944
13/09/2012;916
14/09/2012;860
17/09/2012;847
18/09/2012;881
19/09/2012;867
20/09/2012;866
21/09/2012;851
24/09/2012;859
25/09/2012;890
26/09/2012;907
27/09/2012;892
28/09/2012;897
01/10/2012;880
02/10/2012;882
03/10/2012;879
04/10/2012;856
05/10/2012;842
08/10/2012;842
09/10/2012;888
10/10/2012;908
11/10/2012;891
12/10/2012;870
15/10/2012;851
16/10/2012;851
17/10/2012;845
18/10/2012;845
19/10/2012;866
22/10/2012;862
23/10/2012;860
24/10/2012;858
25/10/2012;851
26/10/2012;987
29/10/2012;1024
30/10/2012;1024
31/10/2012;1066
01/11/2012;1127
02/11/2012;1158
05/11/2012;1115
06/11/2012;1092
07/11/2012;1149
08/11/2012;1165
09/11/2012;1209
12/11/2012;1209
13/11/2012;1222
14/11/2012;1233
15/11/2012;1275
16/11/2012;1264
19/11/2012;1171
20/11/2012;1159
21/11/2012;1147
22/11/2012;1147
23/11/2012;1147
26/11/2012;1348
27/11/2012;1315
28/11/2012;1340
29/11/2012;1168
30/11/2012;1140
03/12/2012;1144
04/12/2012;1107
05/12/2012;1086
06/12/2012;1079
07/12/2012;1066
10/12/2012;1047
11/12/2012;1041
12/12/2012;1036
13/12/2012;1037
14/12/2012;1024
17/12/2012;1023
18/12/2012;1006
19/12/2012;1000
20/12/2012;997
21/12/2012;1014
24/12/2012;1012
26/12/2012;1013
27/12/2012;1014
28/12/2012;1002
31/12/2012;991
02/01/2013;949
03/01/2013;935
04/01/2013;943
07/01/2013;966
08/01/2013;1020
09/01/2013;1037
10/01/2013;1080
11/01/2013;1094
14/01/2013;1087
15/01/2013;1088
16/01/2013;1077
17/01/2013;1062
18/01/2013;1070
21/01/2013;1070
22/01/2013;1070
23/01/2013;1100
24/01/2013;1106
25/01/2013;1113
28/01/2013;1110
29/01/2013;1101
30/01/2013;1101
31/01/2013;1102
01/02/2013;1082
04/02/2013;1092
05/02/2013;1089
06/02/2013;1124
07/02/2013;1102
08/02/2013;1077
11/02/2013;1089
12/02/2013;1111
13/02/2013;1098
14/02/2013;1093
15/02/2013;1098
18/02/2013;1098
19/02/2013;1100
20/02/2013;1104
21/02/2013;1132
22/02/2013;1131
25/02/2013;1137
26/02/2013;1115
27/02/2013;1114
28/02/2013;1287
01/03/2013;1218
04/03/2013;1208
05/03/2013;1198
06/03/2013;1177
07/03/2013;1171
08/03/2013;1160
11/03/2013;1157
12/03/2013;1136
13/03/2013;1149
14/03/2013;1157
15/03/2013;1183
18/03/2013;1180
19/03/2013;1205
20/03/2013;1202
21/03/2013;1217
22/03/2013;1219
25/03/2013;1261
26/03/2013;1293
27/03/2013;1337
28/03/2013;1307
01/04/2013;1321
02/04/2013;1306
03/04/2013;1262
04/04/2013;1254
05/04/2013;1271
08/04/2013;1257
09/04/2013;1233
10/04/2013;1219
11/04/2013;1205
12/04/2013;1167
15/04/2013;1159
16/04/2013;1165
17/04/2013;1186
18/04/2013;1204
19/04/2013;1209
22/04/2013;1216
23/04/2013;1212
24/04/2013;1212
25/04/2013;1210
26/04/2013;1215
29/04/2013;1212
30/04/2013;1210
01/05/2013;1215
02/05/2013;1205
03/05/2013;1204
06/05/2013;1205
07/05/2013;1208
08/05/2013;1203
09/05/2013;1194
10/05/2013;1193
13/05/2013;1191
14/05/2013;1177
15/05/2013;1186
16/05/2013;1184
17/05/2013;1157
20/05/2013;1148
21/05/2013;1149
22/05/2013;1127
23/05/2013;1141
24/05/2013;1144
27/05/2013;1144
28/05/2013;1128
29/05/2013;1148
30/05/2013;1158
31/05/2013;1167
03/06/2013;1169
04/06/2013;1183
05/06/2013;1195
06/06/2013;1204
07/06/2013;1187
10/06/2013;1188
11/06/2013;1198
12/06/2013;1199
13/06/2013;1192
14/06/2013;1197
17/06/2013;1198
18/06/2013;1221
19/06/2013;1213
20/06/2013;1227
21/06/2013;1223
24/06/2013;1229
25/06/2013;1221
26/06/2013;1219
27/06/2013;1215
28/06/2013;1199
01/07/2013;1189
02/07/2013;1199
03/07/2013;1204
04/07/2013;1204
05/07/2013;1188
08/07/2013;1194
09/07/2013;1194
10/07/2013;1205
11/07/2013;1194
12/07/2013;1188
15/07/2013;1164
16/07/2013;1142
17/07/2013;1139
18/07/2013;1052
19/07/2013;1075
22/07/2013;1040
23/07/2013;1025
24/07/2013;1063
25/07/2013;1092
26/07/2013;1107
29/07/2013;1139
30/07/2013;1130
31/07/2013;1112
01/08/2013;1095
02/08/2013;1101
05/08/2013;1094
06/08/2013;1069
07/08/2013;1067
08/08/2013;1052
09/08/2013;1036
12/08/2013;1032
13/08/2013;1020
14/08/2013;1018
15/08/2013;1019
16/08/2013;1017
19/08/2013;1034
20/08/2013;1039
21/08/2013;1043
22/08/2013;1023
23/08/2013;1072
26/08/2013;1075
27/08/2013;1120
28/08/2013;1127
29/08/2013;1163
30/08/2013;1170
02/09/2013;1170
03/09/2013;1128
04/09/2013;1101
05/09/2013;1085
06/09/2013;1075
09/09/2013;1062
10/09/2013;1073
11/09/2013;1073
12/09/2013;1110
13/09/2013;1114
16/09/2013;1089
17/09/2013;1092
18/09/2013;1063
19/09/2013;1044
20/09/2013;1037
23/09/2013;1030
24/09/2013;1013
25/09/2013;1007
26/09/2013;1017
27/09/2013;1024
30/09/2013;1035
01/10/2013;1039
02/10/2013;1029
03/10/2013;1019
04/10/2013;1005
07/10/2013;997
08/10/2013;979
09/10/2013;971
10/10/2013;919
11/10/2013;904
14/10/2013;904
15/10/2013;887
16/10/2013;908
17/10/2013;904
18/10/2013;851
21/10/2013;842
22/10/2013;859
23/10/2013;873
24/10/2013;896
25/10/2013;891
28/10/2013;881
29/10/2013;909
30/10/2013;921
31/10/2013;921
01/11/2013;892
04/11/2013;875
05/11/2013;841
06/11/2013;841
07/11/2013;838
08/11/2013;825
11/11/2013;825
12/11/2013;831
13/11/2013;839
14/11/2013;829
15/11/2013;813
18/11/2013;807
19/11/2013;829
20/11/2013;806
21/11/2013;791
22/11/2013;790
25/11/2013;803
26/11/2013;789
27/11/2013;776
28/11/2013;776
29/11/2013;776
02/12/2013;777
03/12/2013;795
04/12/2013;805
05/12/2013;798
06/12/2013;780
09/12/2013;775
10/12/2013;782
11/12/2013;783
12/12/2013;791
13/12/2013;804
16/12/2013;806
17/12/2013;824
18/12/2013;824
19/12/2013;822
20/12/2013;826
23/12/2013;823
24/12/2013;817
26/12/2013;816
27/12/2013;809
30/12/2013;812
31/12/2013;808
02/01/2014;800
03/01/2014;793
06/01/2014;796
07/01/2014;836
08/01/2014;840
09/01/2014;867
10/01/2014;914
13/01/2014;937
14/01/2014;911
15/01/2014;901
16/01/2014;926
17/01/2014;941
20/01/2014;941
21/01/2014;920
22/01/2014;952
23/01/2014;996
24/01/2014;1043
27/01/2014;1018
28/01/2014;983
29/01/2014;1037
30/01/2014;1067
31/01/2014;1085
03/02/2014;1103
04/02/2014;1056
05/02/2014;1018
06/02/2014;984
07/02/2014;961
10/02/2014;984
11/02/2014;972
12/02/2014;974
13/02/2014;970
14/02/2014;951
17/02/2014;951
18/02/2014;972
19/02/2014;986
20/02/2014;961
21/02/2014;951
24/02/2014;928
25/02/2014;924
26/02/2014;927
27/02/2014;917
28/02/2014;907
03/03/2014;926
04/03/2014;917
05/03/2014;929
06/03/2014;905
07/03/2014;899
10/03/2014;900
11/03/2014;903
12/03/2014;904
13/03/2014;926
14/03/2014;914
17/03/2014;883
18/03/2014;883
19/03/2014;873
20/03/2014;861
21/03/2014;849
24/03/2014;850
25/03/2014;846
26/03/2014;851
27/03/2014;837
28/03/2014;824
31/03/2014;799
01/04/2014;802
02/04/2014;794
03/04/2014;782
04/04/2014;754
07/04/2014;775
08/04/2014;791
09/04/2014;769
10/04/2014;769
11/04/2014;779
14/04/2014;784
15/04/2014;804
16/04/2014;805
17/04/2014;796
21/04/2014;796
22/04/2014;780
23/04/2014;792
24/04/2014;789
25/04/2014;809
28/04/2014;795
29/04/2014;790
30/04/2014;786
01/05/2014;778
02/05/2014;787
05/05/2014;781
06/05/2014;781
07/05/2014;752
08/05/2014;759
09/05/2014;771
12/05/2014;763
13/05/2014;774
14/05/2014;773
15/05/2014;788
16/05/2014;795
19/05/2014;801
20/05/2014;813
21/05/2014;815
22/05/2014;834
23/05/2014;832
26/05/2014;832
27/05/2014;846
28/05/2014;850
29/05/2014;832
30/05/2014;833
02/06/2014;839
03/06/2014;833
04/06/2014;819
05/06/2014;796
06/06/2014;766
09/06/2014;769
10/06/2014;767
11/06/2014;754
12/06/2014;761
13/06/2014;737
16/06/2014;850
17/06/2014;873
18/06/2014;797
19/06/2014;817
20/06/2014;709
23/06/2014;669
24/06/2014;676
25/06/2014;667
26/06/2014;692
27/06/2014;708
30/06/2014;724
01/07/2014;697
02/07/2014;686
03/07/2014;673
04/07/2014;673
07/07/2014;680
08/07/2014;668
09/07/2014;591
10/07/2014;593
11/07/2014;596
14/07/2014;631
15/07/2014;649
16/07/2014;644
17/07/2014;669
18/07/2014;646
21/07/2014;671
22/07/2014;667
23/07/2014;656
24/07/2014;630
25/07/2014;687
28/07/2014;707
29/07/2014;680
30/07/2014;560
31/07/2014;649
01/08/2014;701
04/08/2014;730
05/08/2014;724
06/08/2014;682
07/08/2014;696
08/08/2014;698
11/08/2014;694
12/08/2014;720
13/08/2014;744
14/08/2014;774
15/08/2014;801
18/08/2014;783
19/08/2014;764
20/08/2014;790
21/08/2014;813
22/08/2014;821
25/08/2014;820
26/08/2014;803
27/08/2014;806
28/08/2014;804
29/08/2014;808
01/09/2014;808
02/09/2014;783
03/09/2014;749
04/09/2014;750
05/09/2014;753
08/09/2014;763
09/09/2014;753
10/09/2014;757
11/09/2014;731
12/09/2014;706
15/09/2014;711
16/09/2014;690
17/09/2014;698
18/09/2014;700
19/09/2014;699
22/09/2014;702
23/09/2014;700
24/09/2014;685
25/09/2014;686
26/09/2014;684
29/09/2014;693
30/09/2014;700
01/10/2014;753
02/10/2014;735
03/10/2014;738
06/10/2014;750
07/10/2014;768
08/10/2014;751
09/10/2014;754
10/10/2014;771
13/10/2014;771
14/10/2014;798
15/10/2014;844
16/10/2014;833
17/10/2014;799
20/10/2014;792
21/10/2014;779
22/10/2014;762
23/10/2014;747
24/10/2014;745
27/10/2014;736
28/10/2014;722
29/10/2014;712
30/10/2014;713
31/10/2014;703
03/11/2014;682
04/11/2014;686
05/11/2014;674
06/11/2014;672
07/11/2014;663
10/11/2014;664
11/11/2014;664
12/11/2014;658
13/11/2014;660
14/11/2014;664
17/11/2014;667
18/11/2014;671
19/11/2014;678
20/11/2014;683
21/11/2014;681
24/11/2014;680
25/11/2014;680
26/11/2014;687
27/11/2014;687
28/11/2014;687
01/12/2014;698
02/12/2014;688
03/12/2014;700
04/12/2014;699
05/12/2014;707
08/12/2014;726
09/12/2014;743
10/12/2014;760
11/12/2014;751
12/12/2014;780
15/12/2014;804
16/12/2014;823
17/12/2014;800
18/12/2014;771
19/12/2014;770
22/12/2014;768
23/12/2014;759
24/12/2014;757
26/12/2014;728
29/12/2014;729
30/12/2014;717
31/12/2014;719
02/01/2015;726
05/01/2015;750
06/01/2015;766
07/01/2015;749
08/01/2015;734
09/01/2015;726
12/01/2015;736
13/01/2015;729
14/01/2015;720
15/01/2015;741
16/01/2015;731
19/01/2015;731
20/01/2015;720
21/01/2015;720
22/01/2015;710
23/01/2015;726
26/01/2015;726
27/01/2015;724
28/01/2015;730
29/01/2015;728
30/01/2015;742
02/02/2015;739
03/02/2015;727
04/02/2015;728
05/02/2015;718
06/02/2015;709
09/02/2015;712
10/02/2015;712
11/02/2015;715
12/02/2015;720
13/02/2015;702
16/02/2015;702
17/02/2015;686
18/02/2015;679
19/02/2015;668
20/02/2015;650
23/02/2015;626
24/02/2015;633
25/02/2015;635
26/02/2015;624
27/02/2015;618
02/03/2015;604
03/03/2015;597
04/03/2015;586
05/03/2015;581
06/03/2015;566
09/03/2015;561
10/03/2015;568
11/03/2015;581
12/03/2015;580
13/03/2015;584
16/03/2015;581
17/03/2015;586
18/03/2015;598
19/03/2015;598
20/03/2015;604
23/03/2015;602
24/03/2015;608
25/03/2015;608
26/03/2015;595
27/03/2015;612
30/03/2015;620
31/03/2015;629
01/04/2015;628
02/04/2015;618
03/04/2015;625
06/04/2015;610
07/04/2015;609
08/04/2015;588
09/04/2015;574
10/04/2015;568
13/04/2015;574
14/04/2015;583
15/04/2015;590
16/04/2015;602
17/04/2015;619
20/04/2015;617
21/04/2015;620
22/04/2015;617
23/04/2015;619
24/04/2015;616
27/04/2015;608
28/04/2015;603
29/04/2015;605
30/04/2015;603
01/05/2015;596
04/05/2015;593
05/05/2015;581
06/05/2015;581
07/05/2015;601
08/05/2015;610
11/05/2015;606
12/05/2015;616
13/05/2015;606
14/05/2015;615
15/05/2015;625
18/05/2015;599
19/05/2015;590
20/05/2015;579
21/05/2015;578
22/05/2015;576
25/05/2015;576
26/05/2015;588
27/05/2015;589
28/05/2015;594
29/05/2015;601
01/06/2015;596
02/06/2015;576
03/06/2015;557
04/06/2015;566
05/06/2015;555
08/06/2015;559
09/06/2015;566
10/06/2015;567
11/06/2015;572
12/06/2015;573
15/06/2015;580
16/06/2015;588
17/06/2015;621
18/06/2015;629
19/06/2015;652
22/06/2015;627
23/06/2015;614
24/06/2015;621
25/06/2015;595
26/06/2015;589
29/06/2015;617
30/06/2015;631
01/07/2015;624
02/07/2015;619
03/07/2015;619
06/07/2015;625
07/07/2015;625
08/07/2015;635
09/07/2015;618
10/07/2015;595
13/07/2015;597
14/07/2015;591
15/07/2015;577
16/07/2015;581
17/07/2015;585
20/07/2015;582
21/07/2015;585
22/07/2015;589
23/07/2015;591
24/07/2015;597
27/07/2015;612
28/07/2015;610
29/07/2015;606
30/07/2015;609
31/07/2015;615
03/08/2015;627
04/08/2015;608
05/08/2015;583
06/08/2015;586
07/08/2015;592
10/08/2015;572
11/08/2015;590
12/08/2015;581
13/08/2015;580
14/08/2015;574
17/08/2015;571
18/08/2015;565
19/08/2015;572
20/08/2015;580
21/08/2015;593
24/08/2015;621
25/08/2015;608
26/08/2015;612
27/08/2015;599
28/08/2015;591
31/08/2015;584
01/09/2015;590
02/09/2015;579
03/09/2015;567
04/09/2015;561
07/09/2015;561
08/09/2015;542
09/09/2015;538
10/09/2015;527
11/09/2015;531
14/09/2015;540
15/09/2015;529
16/09/2015;537
17/09/2015;542
18/09/2015;553
21/09/2015;546
22/09/2015;568
23/09/2015;580
24/09/2015;595
25/09/2015;575
28/09/2015;598
29/09/2015;601
30/09/2015;591
01/10/2015;589
02/10/2015;596
05/10/2015;584
06/10/2015;584
07/10/2015;579
08/10/2015;577
09/10/2015;572
12/10/2015;572
13/10/2015;584
14/10/2015;588
15/10/2015;576
16/10/2015;558
19/10/2015;554
20/10/2015;555
21/10/2015;557
22/10/2015;553
23/10/2015;542
26/10/2015;519
27/10/2015;520
28/10/2015;495
29/10/2015;485
30/10/2015;489
02/11/2015;490
03/11/2015;484
04/11/2015;498
05/11/2015;504
06/11/2015;499
09/11/2015;495
10/11/2015;482
11/11/2015;482
12/11/2015;486
13/11/2015;496
16/11/2015;485
17/11/2015;481
18/11/2015;471
19/11/2015;475
20/11/2015;470
23/11/2015;466
24/11/2015;485
25/11/2015;490
26/11/2015;490
27/11/2015;491
30/11/2015;487
01/12/2015;496
02/12/2015;499
03/12/2015;494
04/12/2015;500
07/12/2015;500
08/12/2015;498
09/12/2015;495
10/12/2015;480
11/12/2015;490
14/12/2015;500
15/12/2015;487
16/12/2015;482
17/12/2015;475
18/12/2015;485
21/12/2015;478
22/12/2015;475
23/12/2015;465
24/12/2015;468
28/12/2015;444
29/12/2015;435
30/12/2015;435
31/12/2015;438
04/01/2016;447
05/01/2016;437
06/01/2016;448
07/01/2016;453
08/01/2016;455
11/01/2016;455
12/01/2016;463
13/01/2016;481
14/01/2016;483
15/01/2016;498
18/01/2016;498
19/01/2016;501
20/01/2016;524
21/01/2016;525
22/01/2016;515
25/01/2016;515
26/01/2016;513
27/01/2016;510
28/01/2016;507
29/01/2016;502
01/02/2016;488
02/02/2016;487
03/02/2016;474
04/02/2016;472
05/02/2016;471
08/02/2016;474
09/02/2016;482
10/02/2016;487
11/02/2016;502
12/02/2016;477
15/02/2016;477
16/02/2016;468
17/02/2016;458
18/02/2016;461
19/02/2016;463
22/02/2016;453
23/02/2016;456
24/02/2016;459
25/02/2016;461
26/02/2016;461
29/02/2016;465
01/03/2016;454
02/03/2016;455
03/03/2016;484
04/03/2016;459
07/03/2016;457
08/03/2016;464
09/03/2016;457
10/03/2016;455
11/03/2016;437
14/03/2016;437
15/03/2016;447
16/03/2016;448
17/03/2016;440
18/03/2016;444
21/03/2016;437
22/03/2016;437
23/03/2016;448
24/03/2016;459
28/03/2016;450
29/03/2016;451
30/03/2016;438
31/03/2016;444
01/04/2016;443
04/04/2016;442
05/04/2016;449
06/04/2016;442
07/04/2016;453
08/04/2016;450
11/04/2016;443
12/04/2016;432
13/04/2016;419
14/04/2016;413
15/04/2016;416
18/04/2016;403
19/04/2016;388
20/04/2016;380
21/04/2016;379
22/04/2016;382
25/04/2016;391
26/04/2016;383
27/04/2016;526
28/04/2016;541
29/04/2016;544
02/05/2016;538
03/05/2016;550
04/05/2016;558
05/05/2016;569
06/05/2016;559
09/05/2016;565
10/05/2016;566
11/05/2016;567
12/05/2016;564
13/05/2016;557
16/05/2016;544
17/05/2016;542
18/05/2016;535
19/05/2016;548
20/05/2016;545
23/05/2016;543
24/05/2016;538
25/05/2016;529
26/05/2016;526
27/05/2016;520
30/05/2016;520
31/05/2016;522
01/06/2016;512
02/06/2016;516
03/06/2016;520
06/06/2016;512
07/06/2016;508
08/06/2016;520
09/06/2016;524
10/06/2016;534
13/06/2016;540
14/06/2016;540
15/06/2016;532
16/06/2016;533
17/06/2016;532
20/06/2016;516
21/06/2016;511
22/06/2016;506
23/06/2016;495
24/06/2016;521
27/06/2016;534
28/06/2016;529
29/06/2016;519
30/06/2016;518
01/07/2016;513
04/07/2016;513
05/07/2016;527
06/07/2016;528
07/07/2016;533
08/07/2016;526
11/07/2016;517
12/07/2016;507
13/07/2016;509
14/07/2016;503
15/07/2016;499
18/07/2016;499
19/07/2016;500
20/07/2016;498
21/07/2016;503
22/07/2016;500
25/07/2016;503
26/07/2016;509
27/07/2016;521
28/07/2016;522
29/07/2016;521
01/08/2016;523
02/08/2016;523
03/08/2016;514
04/08/2016;513
05/08/2016;507
08/08/2016;505
09/08/2016;502
10/08/2016;497
11/08/2016;488
12/08/2016;482
15/08/2016;474
16/08/2016;464
17/08/2016;470
18/08/2016;473
19/08/2016;476
22/08/2016;485
23/08/2016;479
24/08/2016;488
25/08/2016;488
26/08/2016;480
29/08/2016;482
30/08/2016;482
31/08/2016;454
01/09/2016;458
02/09/2016;448
05/09/2016;448
06/09/2016;445
07/09/2016;438
08/09/2016;436
09/09/2016;451
12/09/2016;447
13/09/2016;461
14/09/2016;471
15/09/2016;461
16/09/2016;462
19/09/2016;455
20/09/2016;447
21/09/2016;428
22/09/2016;428
23/09/2016;437
26/09/2016;446
27/09/2016;446
28/09/2016;437
29/09/2016;445
30/09/2016;439
03/10/2016;436
04/10/2016;435
05/10/2016;436
06/10/2016;448
07/10/2016;451
10/10/2016;451
11/10/2016;453
12/10/2016;449
13/10/2016;449
14/10/2016;455
17/10/2016;465
18/10/2016;461
19/10/2016;451
20/10/2016;446
21/10/2016;440
24/10/2016;441
25/10/2016;446
26/10/2016;447
27/10/2016;453
28/10/2016;450
31/10/2016;451
01/11/2016;461
02/11/2016;468
03/11/2016;459
04/11/2016;460
07/11/2016;443
08/11/2016;436
09/11/2016;438
10/11/2016;475
11/11/2016;475
14/11/2016;504
15/11/2016;490
16/11/2016;487
17/11/2016;489
18/11/2016;488
21/11/2016;489
22/11/2016;486
23/11/2016;489
24/11/2016;489
25/11/2016;489
28/11/2016;489
29/11/2016;496
30/11/2016;515
01/12/2016;529
02/12/2016;528
05/12/2016;524
06/12/2016;499
07/12/2016;486
08/12/2016;489
09/12/2016;490
12/12/2016;513
13/12/2016;512
14/12/2016;512
15/12/2016;515
16/12/2016;512
19/12/2016;506
20/12/2016;497
21/12/2016;489
22/12/2016;487
23/12/2016;477
26/12/2016;477
27/12/2016;455
28/12/2016;448
29/12/2016;453
30/12/2016;455
02/01/2017;455
03/01/2017;474
04/01/2017;477
05/01/2017;475
06/01/2017;468
09/01/2017;470
10/01/2017;482
11/01/2017;483
12/01/2017;473
13/01/2017;453
16/01/2017;453
17/01/2017;455
18/01/2017;459
19/01/2017;461
20/01/2017;462
23/01/2017;469
24/01/2017;464
25/01/2017;463
26/01/2017;463
27/01/2017;457
30/01/2017;469
31/01/2017;469
01/02/2017;461
02/02/2017;448
03/02/2017;440
06/02/2017;443
07/02/2017;458
08/02/2017;460
09/02/2017;456
10/02/2017;446
13/02/2017;441
14/02/2017;442
15/02/2017;448
16/02/2017;459
17/02/2017;460
20/02/2017;460
21/02/2017;456
22/02/2017;456
23/02/2017;458
24/02/2017;466
27/02/2017;469
28/02/2017;466
01/03/2017;454
02/03/2017;451
03/03/2017;445
06/03/2017;447
07/03/2017;442
08/03/2017;452
09/03/2017;456
10/03/2017;451
13/03/2017;456
14/03/2017;463
15/03/2017;452
16/03/2017;449
17/03/2017;443
20/03/2017;444
21/03/2017;453
22/03/2017;458
23/03/2017;456
24/03/2017;455
27/03/2017;461
28/03/2017;457
29/03/2017;453
30/03/2017;450
31/03/2017;452
03/04/2017;454
04/04/2017;447
05/04/2017;439
06/04/2017;439
07/04/2017;437
10/04/2017;436
11/04/2017;439
12/04/2017;443
13/04/2017;442
17/04/2017;438
18/04/2017;440
19/04/2017;433
20/04/2017;427
21/04/2017;424
24/04/2017;414
25/04/2017;407
26/04/2017;417
27/04/2017;417
28/04/2017;415
01/05/2017;411
02/05/2017;405
03/05/2017;404
04/05/2017;405
05/05/2017;407
08/05/2017;407
09/05/2017;410
10/05/2017;403
11/05/2017;405
12/05/2017;407
15/05/2017;400
16/05/2017;404
17/05/2017;419
18/05/2017;431
19/05/2017;422
22/05/2017;426
23/05/2017;420
24/05/2017;415
25/05/2017;419
26/05/2017;418
29/05/2017;418
30/05/2017;416
31/05/2017;407
01/06/2017;402
02/06/2017;398
05/06/2017;397
06/06/2017;395
07/06/2017;396
08/06/2017;395
09/06/2017;397
12/06/2017;399
13/06/2017;396
14/06/2017;399
15/06/2017;404
16/06/2017;407
19/06/2017;411
20/06/2017;426
21/06/2017;431
22/06/2017;423
23/06/2017;419
26/06/2017;414
27/06/2017;421
28/06/2017;424
29/06/2017;435
30/06/2017;432
03/07/2017;430
05/07/2017;436
06/07/2017;445
07/07/2017;443
10/07/2017;435
11/07/2017;433
12/07/2017;430
13/07/2017;429
14/07/2017;426
17/07/2017;425
18/07/2017;435
19/07/2017;436
20/07/2017;437
21/07/2017;440
24/07/2017;444
25/07/2017;442
26/07/2017;436
27/07/2017;433
28/07/2017;440
31/07/2017;439
01/08/2017;441
02/08/2017;443
03/08/2017;446
04/08/2017;447
07/08/2017;447
08/08/2017;440
09/08/2017;445
10/08/2017;453
11/08/2017;444
14/08/2017;418
15/08/2017;409
16/08/2017;406
17/08/2017;417
18/08/2017;410
21/08/2017;412
22/08/2017;409
23/08/2017;408
24/08/2017;403
25/08/2017;395
28/08/2017;396
29/08/2017;395
30/08/2017;387
31/08/2017;393
01/09/2017;388
04/09/2017;388
05/09/2017;393
06/09/2017;393
07/09/2017;392
08/09/2017;390
11/09/2017;385
12/09/2017;384
13/09/2017;374
14/09/2017;375
15/09/2017;373
18/09/2017;370
19/09/2017;371
20/09/2017;370
21/09/2017;370
22/09/2017;368
25/09/2017;375
26/09/2017;377
27/09/2017;379
28/09/2017;375
29/09/2017;367
02/10/2017;367
03/10/2017;365
04/10/2017;362
05/10/2017;359
06/10/2017;362
09/10/2017;362
10/10/2017;363
11/10/2017;358
12/10/2017;354
13/10/2017;348
16/10/2017;345
17/10/2017;343
18/10/2017;342
19/10/2017;350
20/10/2017;349
23/10/2017;342
24/10/2017;348
25/10/2017;349
26/10/2017;361
27/10/2017;355
30/10/2017;344
31/10/2017;361
01/11/2017;365
02/11/2017;361
03/11/2017;368
06/11/2017;374
07/11/2017;384
08/11/2017;383
09/11/2017;386
10/11/2017;381
13/11/2017;380
14/11/2017;381
15/11/2017;388
16/11/2017;373
17/11/2017;366
20/11/2017;368
21/11/2017;363
22/11/2017;363
23/11/2017;363
24/11/2017;363
27/11/2017;361
28/11/2017;356
29/11/2017;358
30/11/2017;357
01/12/2017;359
04/12/2017;355
05/12/2017;356
06/12/2017;363
07/12/2017;365
08/12/2017;368
11/12/2017;366
12/12/2017;364
13/12/2017;363
14/12/2017;361
15/12/2017;361
18/12/2017;355
19/12/2017;350
20/12/2017;346
21/12/2017;347
22/12/2017;347
26/12/2017;348
27/12/2017;350
28/12/2017;349
29/12/2017;351
02/01/2018;347
03/01/2018;355
04/01/2018;356
05/01/2018;362
08/01/2018;365
09/01/2018;361
10/01/2018;364
11/01/2018;363
12/01/2018;364
15/01/2018;364
16/01/2018;362
17/01/2018;360
18/01/2018;359
19/01/2018;363
22/01/2018;365
23/01/2018;367
24/01/2018;369
25/01/2018;373
26/01/2018;372
29/01/2018;376
30/01/2018;379
31/01/2018;374
01/02/2018;373
02/02/2018;376
05/02/2018;396
06/02/2018;394
07/02/2018;383
08/02/2018;405
09/02/2018;426
12/02/2018;413
13/02/2018;423
14/02/2018;415
15/02/2018;397
16/02/2018;391
20/02/2018;397
21/02/2018;393
22/02/2018;402
23/02/2018;404
26/02/2018;397
27/02/2018;397
28/02/2018;404
01/03/2018;417
02/03/2018;412
05/03/2018;410
06/03/2018;408
07/03/2018;414
08/03/2018;407
09/03/2018;388
12/03/2018;392
13/03/2018;399
14/03/2018;403
15/03/2018;412
16/03/2018;409
19/03/2018;420
20/03/2018;411
21/03/2018;409
22/03/2018;419
23/03/2018;425
26/03/2018;418
27/03/2018;420
28/03/2018;418
29/03/2018;420
02/04/2018;425
03/04/2018;417
04/04/2018;417
05/04/2018;408
06/04/2018;419
09/04/2018;415
10/04/2018;408
11/04/2018;406
12/04/2018;397
13/04/2018;398
16/04/2018;401
17/04/2018;401
18/04/2018;398
19/04/2018;399
20/04/2018;400
23/04/2018;401
24/04/2018;403
25/04/2018;402
26/04/2018;418
27/04/2018;419
30/04/2018;430
01/05/2018;431
02/05/2018;443
03/05/2018;470
04/05/2018;454
07/05/2018;471
08/05/2018;489
09/05/2018;491
10/05/2018;469
11/05/2018;480
14/05/2018;500
15/05/2018;482
16/05/2018;450
17/05/2018;453
18/05/2018;461
21/05/2018;459
22/05/2018;456
23/05/2018;454
24/05/2018;456
25/05/2018;463
28/05/2018;463
29/05/2018;499
30/05/2018;504
31/05/2018;524
01/06/2018;515
04/06/2018;483
05/06/2018;475
06/06/2018;468
07/06/2018;481
08/06/2018;476
11/06/2018;487
12/06/2018;503
13/06/2018;507
14/06/2018;539
15/06/2018;551
18/06/2018;566
19/06/2018;564
20/06/2018;557
21/06/2018;545
22/06/2018;535
25/06/2018;548
26/06/2018;559
27/06/2018;586
28/06/2018;595
29/06/2018;610
02/07/2018;607
03/07/2018;590
04/07/2018;590
05/07/2018;581
06/07/2018;567
09/07/2018;566
10/07/2018;569
11/07/2018;580
12/07/2018;575
13/07/2018;571
16/07/2018;577
17/07/2018;585
18/07/2018;578
19/07/2018;585
20/07/2018;575
23/07/2018;575
24/07/2018;578
25/07/2018;576
26/07/2018;556
27/07/2018;551
30/07/2018;552
31/07/2018;558
01/08/2018;562
02/08/2018;571
03/08/2018;571
06/08/2018;583
07/08/2018;593
08/08/2018;610
09/08/2018;634
10/08/2018;700
13/08/2018;748
14/08/2018;696
15/08/2018;699
16/08/2018;663
17/08/2018;671
20/08/2018;685
21/08/2018;686
22/08/2018;690
23/08/2018;696
24/08/2018;700
27/08/2018;688
28/08/2018;689
29/08/2018;728
30/08/2018;776
31/08/2018;771
03/09/2018;771
04/09/2018;783
05/09/2018;744
06/09/2018;729
07/09/2018;725
10/09/2018;745
11/09/2018;741
12/09/2018;699
13/09/2018;695
14/09/2018;661
17/09/2018;649
18/09/2018;656
19/09/2018;622
20/09/2018;601
21/09/2018;588
24/09/2018;612
25/09/2018;603
26/09/2018;614
27/09/2018;593
28/09/2018;623
01/10/2018;629
02/10/2018;632
03/10/2018;626
04/10/2018;656
05/10/2018;669
08/10/2018;669
09/10/2018;661
10/10/2018;681
11/10/2018;686
12/10/2018;657
15/10/2018;635
16/10/2018;636
17/10/2018;655
18/10/2018;663
19/10/2018;661
22/10/2018;665
23/10/2018;665
24/10/2018;676
25/10/2018;667
26/10/2018;670
29/10/2018;672
30/10/2018;665
31/10/2018;652
01/11/2018;635
02/11/2018;609
05/11/2018;604
06/11/2018;600
07/11/2018;597
08/11/2018;607
09/11/2018;617
12/11/2018;617
13/11/2018;637
14/11/2018;642
15/11/2018;649
16/11/2018;656
19/11/2018;666
20/11/2018;693
21/11/2018;686
22/11/2018;686
23/11/2018;688
26/11/2018;695
27/11/2018;714
28/11/2018;705
29/11/2018;709
30/11/2018;706
03/12/2018;698
04/12/2018;724
05/12/2018;724
06/12/2018;729
07/12/2018;729
10/12/2018;752
11/12/2018;757
12/12/2018;741
13/12/2018;746
14/12/2018;763
17/12/2018;775
18/12/2018;781
19/12/2018;787
20/12/2018;802
21/12/2018;815
24/12/2018;821
26/12/2018;820
27/12/2018;829
28/12/2018;813
31/12/2018;817
02/01/2019;791
03/01/2019;768
04/01/2019;730
07/01/2019;713
08/01/2019;727
09/01/2019;708
10/01/2019;706
11/01/2019;703
14/01/2019;697
15/01/2019;695
16/01/2019;689
17/01/2019;690
18/01/2019;672
21/01/2019;672
22/01/2019;689
23/01/2019;670
24/01/2019;663
25/01/2019;663
28/01/2019;685
29/01/2019;696
30/01/2019;689
31/01/2019;676
01/02/2019;654
04/02/2019;648
05/02/2019;635
06/02/2019;652
07/02/2019;667
08/02/2019;675
11/02/2019;683
12/02/2019;670
13/02/2019;665
14/02/2019;674
15/02/2019;690
18/02/2019;690
19/02/2019;703
20/02/2019;715
21/02/2019;711
22/02/2019;699
25/02/2019;692
26/02/2019;691
27/02/2019;686
28/02/2019;697
01/03/2019;718
04/03/2019;733
05/03/2019;744
06/03/2019;747
07/03/2019;777
08/03/2019;764
11/03/2019;738
12/03/2019;741
13/03/2019;748
14/03/2019;737
15/03/2019;724
18/03/2019;725
19/03/2019;724
20/03/2019;723
21/03/2019;731
22/03/2019;764
25/03/2019;768
26/03/2019;768
27/03/2019;781
28/03/2019;787
29/03/2019;774
01/04/2019;761
02/04/2019;764
03/04/2019;753
04/04/2019;767
05/04/2019;782
08/04/2019;803
09/04/2019;815
10/04/2019;816
11/04/2019;814
12/04/2019;808
15/04/2019;808
16/04/2019;801
17/04/2019;825
18/04/2019;851
22/04/2019;845
23/04/2019;860
24/04/2019;950
25/04/2019;939
26/04/2019;963
29/04/2019;939
30/04/2019;950
01/05/2019;960
02/05/2019;964
03/05/2019;931
06/05/2019;916
07/05/2019;917
08/05/2019;901
09/05/2019;903
10/05/2019;898
13/05/2019;931
14/05/2019;921
15/05/2019;913
16/05/2019;918
17/05/2019;943
20/05/2019;934
21/05/2019;885
22/05/2019;909
23/05/2019;919
24/05/2019;903
27/05/2019;903
28/05/2019;920
29/05/2019;934
30/05/2019;942
31/05/2019;985
03/06/2019;1008
04/06/2019;969
05/06/2019;967
06/06/2019;952
07/06/2019;947
10/06/2019;932
11/06/2019;904
12/06/2019;849
13/06/2019;844
14/06/2019;845
17/06/2019;850
18/06/2019;833
19/06/2019;826
20/06/2019;822
21/06/2019;821
24/06/2019;849
25/06/2019;875
26/06/2019;871
27/06/2019;856
28/06/2019;835
01/07/2019;813
02/07/2019;803
03/07/2019;795
04/07/2019;795
05/07/2019;787
08/07/2019;801
09/07/2019;786
10/07/2019;786
11/07/2019;787
12/07/2019;778
15/07/2019;771
16/07/2019;773
17/07/2019;781
18/07/2019;790
19/07/2019;783
22/07/2019;782
23/07/2019;780
24/07/2019;810
25/07/2019;826
26/07/2019;792
29/07/2019;785
30/07/2019;783
31/07/2019;781
01/08/2019;815
02/08/2019;829
05/08/2019;902
06/08/2019;896
07/08/2019;897
08/08/2019;895
09/08/2019;872
12/08/2019;1467
13/08/2019;1741
14/08/2019;1957
15/08/2019;1738
16/08/2019;1653
19/08/2019;1879
20/08/2019;1866
21/08/2019;1814
22/08/2019;1795
23/08/2019;1807
26/08/2019;1815
27/08/2019;1990
28/08/2019;2072
29/08/2019;2272
30/08/2019;2532
02/09/2019;2532
03/09/2019;2523
04/09/2019;2336
05/09/2019;2188
06/09/2019;2031
09/09/2019;2053
10/09/2019;2109
11/09/2019;2061
12/09/2019;2093
13/09/2019;2167
16/09/2019;2232
17/09/2019;2152
18/09/2019;2084
19/09/2019;2115
20/09/2019;2100
23/09/2019;2163
24/09/2019;2223
25/09/2019;2212
26/09/2019;2232
27/09/2019;2172
30/09/2019;2143
01/10/2019;2156
02/10/2019;2181
03/10/2019;2190
04/10/2019;2169
07/10/2019;2110
08/10/2019;2094
09/10/2019;2049
10/10/2019;1890
11/10/2019;1894
14/10/2019;1894
15/10/2019;1931
16/10/2019;2004
17/10/2019;1995
18/10/2019;2048
21/10/2019;2122
22/10/2019;2169
23/10/2019;2154
24/10/2019;2088
25/10/2019;2146
28/10/2019;2262
29/10/2019;2206
30/10/2019;2238
31/10/2019;2278
01/11/2019;2275
04/11/2019;2270
05/11/2019;2282
06/11/2019;2331
07/11/2019;2342
08/11/2019;2413
11/11/2019;2413
12/11/2019;2493
13/11/2019;2496
14/11/2019;2430
15/11/2019;2442
18/11/2019;2455
19/11/2019;2366
20/11/2019;2262
21/11/2019;2208
22/11/2019;2236
25/11/2019;2289
26/11/2019;2272
27/11/2019;2264
28/11/2019;2264
29/11/2019;2262
02/12/2019;2376
03/12/2019;2400
04/12/2019;2340
05/12/2019;2358
06/12/2019;2317
09/12/2019;2180
10/12/2019;2165
11/12/2019;2141
12/12/2019;2083
13/12/2019;2103
16/12/2019;2114
17/12/2019;1968
18/12/2019;1888
19/12/2019;1929
20/12/2019;1902
23/12/2019;1851
24/12/2019;1831
26/12/2019;1779
27/12/2019;1738
30/12/2019;1748
31/12/2019;1744
02/01/2020;1824
03/01/2020;1938
06/01/2020;1930
07/01/2020;1898
08/01/2020;1887
09/01/2020;1847
10/01/2020;1820
13/01/2020;1819
14/01/2020;1847
15/01/2020;1806
16/01/2020;1802
17/01/2020;1830
20/01/2020;1830
21/01/2020;1920
22/01/2020;1967
23/01/2020;1995
24/01/2020;2070
27/01/2020;2150
28/01/2020;2098
29/01/2020;2029
30/01/2020;2035
31/01/2020;2068
04/02/2020;1904
05/02/2020;1884
06/02/2020;1901
07/02/2020;1864
10/02/2020;1882
11/02/2020;1981
12/02/2020;1951
13/02/2020;2037
14/02/2020;2014
17/02/2020;2014
18/02/2020;2053
19/02/2020;2035
20/02/2020;2092
21/02/2020;2046
24/02/2020;2059
25/02/2020;2071
26/02/2020;2082
27/02/2020;2186
28/02/2020;2283
02/03/2020;2244
03/03/2020;2214
04/03/2020;2186
05/03/2020;2330
06/03/2020;2426
09/03/2020;2783
10/03/2020;2812
11/03/2020;2948
12/03/2020;3124
13/03/2020;3064
16/03/2020;3467
17/03/2020;3546
18/03/2020;3969
19/03/2020;4050
20/03/2020;4015
23/03/2020;4362
24/03/2020;4269
25/03/2020;4246
26/03/2020;4143
27/03/2020;4185
30/03/2020;4082
31/03/2020;3803
01/04/2020;3943
02/04/2020;3828
03/04/2020;3683
06/04/2020;3588
07/04/2020;3652
08/04/2020;3842
09/04/2020;3798
13/04/2020;3864
14/04/2020;3856
15/04/2020;3994
16/04/2020;3987
17/04/2020;3496
20/04/2020;3429
21/04/2020;3617
22/04/2020;3789
23/04/2020;3994
24/04/2020;4037
27/04/2020;4009
28/04/2020;3989
29/04/2020;3999
30/04/2020;3472
01/05/2020;3520
04/05/2020;3614
05/05/2020;3455
06/05/2020;3374
07/05/2020;3335
08/05/2020;3322
11/05/2020;3111
12/05/2020;3005
13/05/2020;3036
14/05/2020;3040
15/05/2020;2837
18/05/2020;2690
19/05/2020;2751
20/05/2020;2782
21/05/2020;2784
22/05/2020;2779
25/05/2020;2779
26/05/2020;2631
27/05/2020;2664
28/05/2020;2728
29/05/2020;2627
01/06/2020;2615
02/06/2020;2576
03/06/2020;2481
04/06/2020;2534
05/06/2020;2555
08/06/2020;2478
09/06/2020;2600
10/06/2020;2535
11/06/2020;2609
12/06/2020;2578
15/06/2020;2605
16/06/2020;2524
17/06/2020;2541
18/06/2020;2603
19/06/2020;2541
22/06/2020;2487
23/06/2020;2461
24/06/2020;2514
25/06/2020;2527
26/06/2020;2533
29/06/2020;2470
30/06/2020;2495
01/07/2020;2497
02/07/2020;2509
03/07/2020;2509
06/07/2020;2378
07/07/2020;2343
08/07/2020;2293
09/07/2020;2337
10/07/2020;2299
13/07/2020;2308
14/07/2020;2366
15/07/2020;2341
16/07/2020;2343
17/07/2020;2359
20/07/2020;2381
21/07/2020;2356
22/07/2020;2278
23/07/2020;2221
24/07/2020;2210
27/07/2020;2211
28/07/2020;2242
29/07/2020;2280
30/07/2020;2278
31/07/2020;2263
03/08/2020;2119
04/08/2020;2111
05/08/2020;2027
06/08/2020;2056
07/08/2020;2091
10/08/2020;2084
11/08/2020;2083
12/08/2020;2099
13/08/2020;2101
14/08/2020;2112
17/08/2020;2131
18/08/2020;2139
19/08/2020;2142
20/08/2020;2158
21/08/2020;2153
24/08/2020;2140
25/08/2020;2137
26/08/2020;2146
27/08/2020;2149
28/08/2020;2142
31/08/2020;2147
01/09/2020;2127
02/09/2020;2123
03/09/2020;2128
04/09/2020;2117
07/09/2020;2117
08/09/2020;2120
09/09/2020;2120
10/09/2020;1101
11/09/2020;1108
14/09/2020;1120
15/09/2020;1119
16/09/2020;1181
17/09/2020;1237
18/09/2020;1259
21/09/2020;1338
22/09/2020;1353
23/09/2020;1390
24/09/2020;1359
25/09/2020;1332
28/09/2020;1340
29/09/2020;1333
30/09/2020;1300
01/10/2020;1339
02/10/2020;1353
05/10/2020;1350
06/10/2020;1373
07/10/2020;1374
08/10/2020;1366
09/10/2020;1343
12/10/2020;1343
13/10/2020;1368
14/10/2020;1404
15/10/2020;1406
16/10/2020;1397
19/10/2020;1431
20/10/2020;1434
21/10/2020;1445
22/10/2020;1440
23/10/2020;1425
26/10/2020;1445
27/10/2020;1460
28/10/2020;1481
29/10/2020;1480
30/10/2020;1482
02/11/2020;1464
03/11/2020;1435
04/11/2020;1430
05/11/2020;1402
06/11/2020;1391
09/11/2020;1353
10/11/2020;1352
11/11/2020;1352
12/11/2020;1342
13/11/2020;1331
16/11/2020;1323
17/11/2020;1350
18/11/2020;1357
19/11/2020;1370
20/11/2020;1378
23/11/2020;1375
24/11/2020;1369
25/11/2020;1376
26/11/2020;1376
27/11/2020;1376
30/11/2020;1410
01/12/2020;1405
02/12/2020;1411
03/12/2020;1426
04/12/2020;1427
07/12/2020;1456
08/12/2020;1452
09/12/2020;1434
10/12/2020;1418
11/12/2020;1394
14/12/2020;1369